Date,F0,F1,F2,F3,F4,F5,F6,F7
2020-03-27,0.4018733366168736,0.7235105183986835,-1.3911323473771127,0.7121924122483442,-0.4457581116152938,0.9441168874720035,-0.6999412319707807,0.3729181429074375
2020-03-30,-2.4860391090847154,0.5277058470483224,-1.6799672436806519,-1.1279969623662052,-0.7296067122803932,-1.2824591442884588,-0.20241090834597397,0.5785485306976687
2020-03-31,0.7904958243431075,-1.0291403195196893,-0.18613752180122148,-0.4092908058626838,-0.5066767314181763,-1.1434298481436125,0.39745405964752023,0.4637210947832137
2020-04-01,0.643813261712636,0.3194227697601226,-0.48961054360824313,0.5834109285910865,0.9618623743076447,0.042110343853826324,-0.4863358790636708,0.2352794739765316
2020-04-02,-2.8976607487142867,-1.0581501077666717,-1.1678965502410512,-1.2870351789685237,1.0991786989366705,-0.9581590322537286,0.6300636454994151,0.8024588767797463
2020-04-03,-0.30565142402166384,0.18373818527587304,-0.3769560105882511,0.585102479417571,-0.07167722635849695,-0.14516951124449978,-0.23112751610678478,-0.11855088977354897
2020-04-06,-1.2897387584146225,0.7922651968132671,0.27893667294766483,-0.0944350512383671,0.35475619434501093,0.2033035732172456,1.1554128524408356,0.13287417637550997
2020-04-07,0.619138825734554,-1.5147669369131596,0.7976741361609603,0.41690447934406166,0.15910936690365787,-0.3918025839974647,0.190267503289128,-0.7921605703667781
2020-04-08,-1.9788619762229704,-1.0266306100550806,-0.129550870708366,-1.9381788597616294,-0.3715575644661526,-0.4165554295250723,0.34121912126149373,0.6698266766798714
2020-04-09,-1.1887370108543633,0.008997498891456528,1.2728158125131672,-0.21415206884885837,-0.922873456794317,0.2147663278893133,-1.348318484305268,-1.461720040066054
2020-04-13,2.5674930418569235,1.1032165278015837,-0.9571991321511437,0.5965108596433365,0.0944756985229577,-1.4125488813975586,0.78721480634841,0.10880054976580517
2020-04-14,-0.7912822797644278,2.0115464154661553,-1.9644810452705601,-0.23088046278534813,-0.11939228180401683,-0.8548208558774039,0.6142772465573101,-0.02490450735448357
2020-04-15,1.3103434595515477,1.1585257491637155,-0.9419067918158833,-0.005897258562834118,-0.7621754063155272,-0.9292003858682193,0.03752057321199121,-0.00562358999916373
2020-04-16,0.7536090155808615,1.4403760871415743,-1.8305411052684304,-0.24338503493948854,0.09610824590855435,-0.6220961075236253,-0.0677533279387837,-0.470360713303647
2020-04-17,-2.417314007567288,-2.584186297813227,1.630082839177364,-0.6789745252769724,0.34188146120484847,-0.03171894266375401,-0.39707946977218433,0.24355816004456873
2020-04-20,1.0889763734154017,0.6937177075659282,0.18818451105505896,-0.7475789611620983,-0.45064875488466,-0.08408896114977658,-0.23743731549788066,-0.2233679827703368
2020-04-21,0.19480424649568417,-0.8306963349127104,0.6946298058682037,1.0577216488518046,-0.038650662602127024,0.4905992909277964,0.17456948306976244,-0.23533708520929597
2020-04-22,0.1454078367352771,0.462944348135212,-0.3311233817451166,-0.6876484116112193,0.30766621787075554,0.2534883267154193,0.7670784569543543,0.5439448993517141
2020-04-23,-0.3385979930693985,-1.0489541427734526,0.2967685259961264,-0.6861033745221435,-0.5667151724000055,-0.9171378286848259,0.08224011245341944,0.4391030851121956
2020-04-24,-0.4837006565459428,0.26004498074312377,-0.5667449423796018,-0.564495467736453,0.5178353205207346,-0.025256234772558533,0.02852339578899715,-0.5393752208252618
2020-04-27,-1.1667193918073686,-1.0905665762789754,0.6788110664692573,-0.8333555085783878,-0.3887105327499075,0.429580426989748,0.33919687079112926,-0.9459357984851515
2020-04-28,-0.866937330542339,-1.7493194212506353,0.8841285289302503,1.0592925558209303,1.0211745900039668,1.0602099227329267,-0.5176359520143466,-0.0003695283543986102
2020-04-29,1.0538951050339138,-0.5814842028602988,2.0449091335555,-0.10757523062234449,0.046228587015871424,-1.0751192534286829,1.4705036742536601,-0.020997037759330407
2020-04-30,1.2773139705224108,1.1543845929231327,-0.004537578861123226,0.13573106009309752,-1.3152854940069654,-0.8873271788744707,-0.2660080073259088,-0.20425732752708148
2020-05-01,-0.46921726240558004,0.7815912614568815,0.02743962353224266,0.7583868606438778,-0.12836204623245406,0.9463993080351377,-0.4489809950923455,0.07289965508994782
2020-05-04,1.2583085686482605,0.7496966316951208,0.10894599582860041,-0.07257176028340935,1.0279424317023793,-0.6637000094664701,0.6643596335243888,0.3794715970601006
2020-05-05,-0.49528678313036,0.5550197190062759,-0.667323878787774,-1.446892801439626,-0.5087343469619365,0.19490698301711912,0.26201262039915924,0.23286320787425457
2020-05-06,1.418926647123028,0.5856395005744814,0.1555687692366422,-0.19269172545090796,-0.09162821917896774,-0.04420917098429024,0.4600207756509298,-0.13604860442231304
2020-05-07,0.501593629510074,-0.33458757055752947,1.783874093776541,0.5689024936260514,0.48472593043437656,0.29995189190302984,0.0712986855195157,-0.7586466409221259
2020-05-08,-0.9240752824538024,-1.3294793616574234,-0.19991961979279987,0.4766248312521163,0.9737475252712726,-0.479014043309652,-0.04962080308198559,0.15422870273772524
2020-05-11,0.27785977980447024,1.6172385699506002,-1.1727254884819267,-1.5318106169120393,-0.7727280107588912,-0.3535414862487964,0.3349390777810128,0.24216462073043296
2020-05-12,-0.10621490842271444,0.19216370785267003,-0.07444173550472738,0.04700661529422819,0.08148023591311075,0.16275078515503513,-0.17796809392794366,0.20109787025286674
2020-05-13,0.34923187768367747,0.47164715268864443,-0.5963246914385597,0.30484208437237215,-0.8759814695444798,0.1161503771883155,0.28485745974764504,-0.13887818658709125
2020-05-14,-0.3790746981052243,-1.2836162348641393,-0.10978238184556262,-0.5690212821190038,-0.489848780872339,0.182795175884485,0.20295079816217443,0.09704958904250532
2020-05-15,-0.264447336936772,1.161311589154649,0.39872254305206417,-0.11886580703351553,-0.39678661739408955,-0.6248374890577587,-0.430739608262687,-0.11951696366481593
2020-05-18,-1.2929347305472363,-3.008163084542144,1.2643589618329256,0.7474457692260618,1.2030867009522797,0.5377045395356483,0.3965466923510074,-0.5527688092703094
2020-05-19,1.3678550314253008,0.6705927860915436,0.7704929663960358,0.36149462198459187,-0.12976897682874172,0.14307050705122357,0.1685175042952324,0.11749993763954383
2020-05-20,-0.05456885472451265,-1.2355976298416012,0.8235503826305861,0.9331678596785306,0.6902425573519079,-0.4197753243525632,0.5600195421507425,-0.18139565644863143
2020-05-21,-0.21399233291325198,-0.10848782431173866,0.2471749496524381,0.23704047163710693,-0.4055947388727308,-0.02735199478127968,-0.5242386921524682,-0.1742805329583635
2020-05-22,0.32681463647445097,0.2664627428023329,-0.163616838261138,-0.21027446867704824,0.045035869747939154,0.3327043640683801,0.03544073640643133,-0.06562526132281751
2020-05-26,-1.6788999699591554,-2.9617537488938646,1.2120759573787006,0.8730952990502028,0.4548452529397834,0.3589842534285052,-0.696330656055015,0.03400753351952042
2020-05-27,-1.2200282049345186,-1.973557957177728,0.17943109086854778,0.06049364684796555,0.34589711416636587,0.5467863431631955,-1.1708635775977538,-0.6945409083302432
2020-05-28,-1.1210012660659985,1.870694496629772,-0.6597047620144487,-0.7096638178113862,-0.3173729115220433,0.6303295307720682,-0.0036209062748219964,0.5578029928918703
2020-05-29,0.42335848384659086,0.1479113686228971,-1.343635820902842,-1.131166836988185,0.10263851130641377,0.002929248725683897,0.8765763646569209,0.28579134684581325
2020-06-01,0.5084873116202429,-0.24347097340869792,1.0547907841212756,1.7138412372263025,0.39652831080009776,-0.5742555321374547,-0.10101955272439204,-0.5120562184785998
2020-06-02,-0.28729292909175425,-1.284901360350001,-0.4498292748075482,-0.47834535373423076,0.30333339864898307,0.3860767250185572,0.5555735484927179,-0.12832652581840664
2020-06-03,-1.144330548229364,-1.9721408632525743,0.7009403823913087,0.2607472465466743,0.6758448239130692,0.21746180999205003,-0.14692860973982455,-0.13781552373791803
2020-06-04,-0.25601362987175696,-1.834928865597891,-0.2764714566097093,0.13569303171522734,0.0878502434866393,0.46513276339689813,-0.18516816856450585,-0.4628612332069134
2020-06-05,-1.2231419946824227,-1.4798345694298207,0.6205201078915207,-0.21357701477873936,0.754880692245027,-0.35689778284644463,0.4340744642129802,0.3478827257323636
2020-06-08,-0.2789643356815235,-1.1012418413952325,0.36123442250576837,-0.2276159471534854,0.21333379810603356,-0.7622607896075329,-0.32080441678662636,-0.3512903956020043
2020-06-09,1.722108495636742,1.1574277103122745,-0.6396869673670619,0.480161223695163,-0.7229560273367306,-0.6452456797960644,0.8530881993350666,0.4155862807593813
2020-06-10,1.4648991663231468,2.55226084071168,-0.5900662205159783,-0.4339124918073863,-0.4749933232839795,0.29600251117992343,0.6319879059816943,-0.03223156947267512
2020-06-11,2.6932928754807657,1.4246808687089123,0.28881643077261704,1.9299245048500957,0.023568355891855703,0.5721046043166673,-0.029013347630831868,-0.416728179865427
2020-06-12,-0.5371012667235471,-0.7456650379629839,1.3527766677573165,-0.9845859622442509,0.3822684033219605,0.5324994433493281,-0.2979274295627982,-0.05094265803314201
2020-06-15,0.5565188628512102,-0.23475525709338754,-0.09197584961305463,0.789246941966417,0.2880655105679416,-0.2194440727768833,-0.26555631159177345,-0.14873906553761193
2020-06-16,-1.6004962236594213,-0.02110015463480417,-1.3765282975295545,-1.7102815160085074,-0.9843606037041248,-0.6912816718269391,-0.6815940586789875,0.9691136052922152
2020-06-17,0.7031786573538868,1.0025136460360122,-0.10109878778828499,0.34314570280577383,-0.32174740205336666,0.24119371119115104,0.9343096726127643,-0.6859413618179393
2020-06-18,-0.08096667483820154,0.24933266657529826,0.2541263630162085,-0.2678103565956632,0.21321393610983505,-0.2287666316393485,-0.3125765546285384,0.38006161465857197
2020-06-19,0.054829375650709174,0.42468280636762595,-0.6219094278237278,-0.83520878029372,-0.8634929004433722,-0.42534293233616516,-0.3807093034939321,-0.0972915317233786
2020-06-22,1.0900486952124955,1.0142866712705305,0.7252691433573843,0.32890872734389326,0.45887627517760887,-0.2797403684304007,0.37957826425254165,0.6580636436850946
2020-06-23,-0.14786605518870988,-0.17848462379360275,0.28382493232855543,0.25484930927991345,-0.29088771680377185,-0.18949302866855905,0.34178201473654923,-0.31104373667788116
2020-06-24,0.9440364190178326,0.501542747932009,-0.3725175469815742,0.31570460880621737,0.47064321614754656,0.4893254341771147,-0.24894257851313706,-0.36589175126922446
2020-06-25,-0.8733213294907701,-0.11854984636858827,0.5791369175327038,-1.0124345890717308,-0.14062402830796775,0.1363478514559789,-0.5104472145021604,0.23366727979075713
2020-06-26,0.1036056243107948,-0.16195766549511278,-0.28794255534504,-0.9811661610161059,0.9625013398037616,1.5605726968612323,-0.09725820866269538,-0.19811871413758098
2020-06-29,-0.9179940534701189,-0.5850549611577487,-0.5725809331586823,0.7887641474013997,0.033739511972725296,-0.23402345047967058,0.005214830796559653,0.14385132632263223
2020-06-30,0.27538627731073867,0.41257859431134924,-0.4587264855949229,-0.6135498020550876,-0.3517085151255228,-0.40618246990174894,0.23067803752146643,-0.2356561457308902
2020-07-01,0.1036038567145345,1.4362632566657487,-0.10965790098419873,0.007487392339348019,-1.9341721923009931,-1.697031027923013,0.4327489474183237,-0.2835667053076112
2020-07-02,-0.2848111042529113,-0.4660657322194304,-0.447504681896792,-0.6915913113623552,-0.06438451541740459,0.4476775636955019,0.33705574010163436,0.05475949430196308
2020-07-06,0.5198644793167438,0.19489205150406572,-0.0703751983187863,0.41104246751582146,-0.7124799449494922,-0.9856407262134517,0.1764184207257115,-0.5658475218058222
2020-07-07,-0.35314846739208156,1.0599559098627278,-0.9349573895710623,1.4202500421683752,0.8134756045209689,-0.0984787615427491,-0.6001834682634579,0.12228968747791773
2020-07-08,0.9350103707474038,0.33008760115439684,0.5269318939566875,-0.27609650073035336,-0.33255328496401326,-0.07624003861687227,-0.21488782505110846,-0.2858573477237514
2020-07-09,2.1227220163795844,1.0957609116136389,-0.7736248553579442,0.7405353750994227,0.4410946222242581,0.24427227324700668,-0.4320263171201578,-0.2629927774841209
2020-07-10,-1.1583976063320975,-1.280739874111461,0.8105722740352501,1.69114376348573,0.4571780908764757,-1.5819980978191084,-0.41048112983524976,-0.420950229906184
2020-07-13,-2.5547307431311816,-1.9192729250929648,-1.1660260774694724,-0.5516529680814919,-0.4547682576146321,0.4263648842419074,-0.2777334254102444,-0.0013707055996156914
2020-07-14,-1.7736678886893502,-1.3385234322658164,-0.8174762370082758,0.21475021610763806,0.2939021633767836,0.3674940516338747,0.528838374134389,0.4034146357127591
2020-07-15,-1.1357685471318117,-1.0202090129105168,0.47234063510201824,-0.37950367490516873,-0.4528726939232631,0.4473711115838816,0.4348939681155001,-0.005200794102920698
2020-07-16,-0.5641906956348888,-0.27232196903692274,-0.5326294226342643,0.04140071373591047,-0.023897404962450523,-0.12803405985708546,-0.1578988227562014,-0.30994113970550863
2020-07-17,-0.7648033217446202,0.39952603726577157,-0.4662741464216073,-0.8223337854107883,0.12435410087602006,1.3371350311701655,0.5145307216822596,-0.16946085833519942
2020-07-20,2.566321876351931,1.6787057299473425,0.6344032984079114,-0.2501494849969405,-0.9155362142604773,-0.5534953210253779,0.3664719907840419,-0.23802265454570423
2020-07-21,-1.873930365805424,-2.002942986218083,0.2915592551775898,0.4290200057412005,1.500282646966486,-0.514315506940597,-0.6323228753451391,0.172477246800001
2020-07-22,-0.7108974328522014,0.3375803950608707,-0.5384915296402064,-0.30972307514322334,-0.26587046258030195,0.8959432505173623,0.1682065874137185,0.0849450874992971
2020-07-23,-1.7863447852518781,-1.2512136823201796,0.4957622702868023,0.030896174113803347,0.6102684381656984,0.8360747175025542,-0.6780794972986145,0.009481571363756231
2020-07-24,0.7779099333578694,-0.2598841792617615,-0.008420586875049854,0.6406804540390963,0.758603422881632,0.29362387710658616,0.4143693999078731,-0.5263290043724823
2020-07-27,0.5482790635753194,0.5040724262776973,-0.7069028435197194,-0.34462664544396365,0.3560823377179927,-0.5053265793413481,1.0620143664425543,-0.050738492953306194
2020-07-28,-1.0934042240888193,-0.2997284388028903,0.0023442576917375208,-0.4455163777496538,-0.8854405814068779,0.2684599536869369,-0.5894363698926507,0.054689495923646754
2020-07-29,0.8047040279342191,-0.5479786139445303,0.4895817566655356,-0.3445138771124186,0.5129518757781621,0.2255893163635236,0.4527115169826632,-0.17680229369731293
2020-07-30,1.7397540452546303,0.9310744757349094,-1.0423422562436964,0.47455028448924974,0.527987408864558,0.9685698975773344,1.2252844131739247,-1.4948763659230113
2020-07-31,1.1839289535875166,1.0008885362721658,0.1819651273178054,0.5250575442422648,-0.3104688799837465,-1.0764528164040237,0.09899812156090218,0.1475236089009165
2020-08-03,0.4226628926554508,0.47046962093086186,-0.04276572386551522,-1.1924533351000683,-0.01154384082703776,-0.04858920478691348,0.28362611686285666,0.43911302037126265
2020-08-04,-0.0465087167176315,-0.40794504017472155,-0.7057916490456687,1.075325806368498,1.6475181540280446,0.11830875949899629,0.43661149027971174,0.3974353901717229
2020-08-05,-0.42242769008683223,-1.202447290821544,1.3520115833869257,0.39734750852449585,-0.7743122333642304,0.3145827461532444,0.5071242116798514,-0.2734935718856172
2020-08-06,0.6856477196744273,0.7111735128668765,0.864233410705562,0.8797359512228188,0.06788966903367136,-0.8515750192075155,0.215357691185108,-0.3030936018647809
2020-08-07,-1.5763915894160145,-1.3000176424433347,-0.2917234951583101,0.34021960198252116,-0.4033212711445641,0.34960563978976467,-0.970057477350233,-0.10349225326248042
2020-08-10,-1.0098993241336376,-2.237097194557831,-0.1273970583129202,0.292040113350709,0.8271343424861123,-0.03852065533502635,-0.634917387534258,0.2643242281666069
2020-08-11,-1.3299006428740487,-1.8152624627742766,1.0246910202452038,0.2842814896333624,0.019289950563914696,1.0488370410656631,0.2916400376039435,-0.40032124681769776
2020-08-12,0.4265104525054827,0.7007484242555053,-2.1717600716138317,-0.47258747314388944,-0.10931269253692268,-0.46200683026802736,1.1082393579577787,-0.3029191947524695
2020-08-13,0.47159706751845154,1.3088121265828379,0.6005205480655824,0.5579392465454144,-1.0351885879010276,-0.23446320603467544,0.4110677608074703,-0.9795506742993578
2020-08-14,-0.11862443639075287,-0.43641329744185925,-0.09388363011125408,0.1313687556710739,0.13193209322375993,-0.15138921476599768,0.003432519277542163,0.1669155385387097
2020-08-17,0.424274228226647,1.2823292215552258,-0.8900449186941997,-0.048608392469048085,-0.19327022883235587,0.06606150242682035,0.45167926506120887,0.14697528411195673
2020-08-18,0.5754795039843177,1.1395289559108688,0.36093844261434527,0.09444961114135801,-0.30262863420269415,-0.8353145631790573,-0.3466173550555738,0.06793180345087194
2020-08-19,0.05441876501153417,-0.14146042883535534,0.5182570323476436,-0.6828350010055108,-0.36940755625815197,0.7294340556005808,-0.012820586596843207,0.23701784908485096
2020-08-20,1.0291371097601818,1.455555739576164,0.6320791134667995,0.11480182783393776,-0.5224523079370461,-0.48446139878688005,0.7735032166078076,-0.18186540626020217
2020-08-21,0.18184420647287372,-0.2807088643681105,-0.8206874573942663,0.25394484474077345,0.43952815618627145,0.5489245950122791,0.44557611549984105,-0.19576464456181725
2020-08-24,-0.7465863996422247,-1.4098814533276272,0.9499697938231706,0.5544728585194107,0.4325339508800839,-0.29392525873548236,-0.19272819974971575,0.15573367420827355
2020-08-25,0.507655888491277,0.6892648215356041,0.0356310666134176,-0.2918692163505671,-0.969650149152461,0.05308049722601775,0.05263920568657971,-0.16399488735315992
2020-08-26,1.9563711109357684,3.4075143651149995,2.446158289992053,-0.3828939433792301,-0.18799999208774332,-2.3171804886536034,-0.17173120972268566,-1.2585732518438928
2020-08-27,-1.1143906114196214,-0.8957173611452217,0.24119463507383146,0.5094690733174313,0.3342444865433348,0.2507317765797335,-0.9274963407541997,0.35540017125092255
2020-08-28,-0.7031715828058741,-0.2983963733376633,-0.060460731999048445,0.6254942750508307,0.6719376754557755,0.5123272114186568,0.33469899272121584,0.8371875901257226
2020-08-31,1.310946726954551,0.5842296027100633,-1.328518492540458,-0.18964698127659932,-0.19024064850187727,-0.38270955429334985,0.8840117600587093,-0.5011849568186992
2020-09-01,1.6004621537588908,0.5383547930745469,0.11268859277509913,1.349025910358591,1.250107335274336,-0.01683374624175436,-0.24402537243661032,-0.21350746641100943
2020-09-02,-1.7492334552298672,0.1910821469992863,-0.9494325075973019,-0.6864060880181098,-0.3665988743731701,0.6762420235885153,-1.0583959741195725,0.7027134737775487
2020-09-03,-1.2795448748382816,-1.9542601487287774,1.3689490953687034,0.411285214143409,0.2887965555148237,-0.05269274189641569,-0.9093159348764169,-0.1718971213511843
2020-09-04,-0.6084644429820852,-1.9615888156395829,-0.6353918094234532,0.22439716898541948,0.1851850626985385,0.217343254278171,-0.15904642752083992,-0.13416549310352008
2020-09-08,-1.5052223146889547,-0.9757238286783415,1.0889717502796044,-0.10344011495731965,-0.00491265540303356,1.4552688971843357,-0.8462342005783724,-0.3998204112967465
2020-09-09,0.24887903289689978,0.833851764253237,-0.968970480702054,-0.5746635129258841,-0.024733133889916454,0.44227168922061216,0.3790084202842078,0.09056833320667856
2020-09-10,0.31046782712440224,-0.5246239851292074,0.789679065708924,0.2908626504107149,0.32559691836439025,0.9792357493351721,-0.2569565834664842,-0.5634742574554977
2020-09-11,-1.7136848771248223,-0.639349334418982,-0.7462947053166797,-0.4347291467898912,-0.16878053785916886,0.4831239458704046,-0.44114594901196297,-0.4593262405248323
2020-09-14,-0.08096504516477655,0.07061533379822726,-0.3273529864769687,-0.35971555577624326,-0.09950637254615828,0.8384749765929106,-0.052942402196815896,0.34008592494454754
2020-09-15,1.0959732630844983,1.4545319609933167,-0.23231914879736712,0.030751430850388665,-0.06812970764485111,-0.5069233033159447,0.30595640749241915,-0.3912322949043543
2020-09-16,-1.5951047110961225,-2.4757524515310676,0.7236292247927067,-0.3032661950511227,0.11132232901269667,0.4117968534880993,-0.4718098448302515,0.549985160491664
2020-09-17,-0.4308259418348028,-1.3125669944814478,-0.28581877633081704,-0.8110345364106509,0.18341928154762135,1.2962068170245888,-0.057156370296781465,0.5540424570454854
2020-09-18,-0.6246916034363335,-0.14305916155212364,0.08405888458673481,-0.38991631712235286,-0.682351411307389,-0.09628341608571055,-0.2935767724650347,0.011773466214190707
2020-09-21,2.733176846582956,2.2065531979214588,0.1701643286090366,0.5379454941526368,1.4376223985919703,-0.29428713581413835,-0.033841929331211947,-0.1634633928697157
2020-09-22,0.7447448227271873,1.2727623212814916,0.1048427038100941,0.520687702552175,-0.27167749158620985,-0.5886102300634966,0.35351114866913197,-0.3011413517030193
2020-09-23,-0.6420258021359374,-0.31407736828067184,-0.3878540527641249,0.024525861619268754,-0.23991453005392396,1.1508172414221132,-0.6068730408818219,0.03334244162349041
2020-09-24,0.44663556900313883,-0.21371811877757563,-0.5955941926217277,1.2313508929191759,0.04272577759993895,-0.2926650827721766,0.45126353646791867,0.4751575264345486
2020-09-25,0.7898015280752025,0.33206841625887074,-0.07981974660481836,-0.41224386468194585,-0.3765103534389651,-0.6031582794509538,0.283690001122733,-0.1933096911072934
2020-09-28,-0.536026201291078,-0.3636758809082443,0.12815194610778666,-0.050968622558554,0.867857254736843,-0.18633352539718412,0.5260450067538358,-0.4321319932944014
2020-09-29,0.8014315575793225,0.5991570217632344,-0.07693544982326254,-0.11501490542122929,-0.2851365744613844,0.7062831624833608,-0.15460464372834612,-0.44450250727473717
2020-09-30,-1.1018180563800548,0.11648338175293649,-0.8321774033161794,-0.36977082649057186,-0.23787466020748546,-0.02331822193356259,-0.3994875542512387,0.06481999944247296
2020-10-01,1.5485542667707015,1.1173200239509589,0.26885911072656893,1.5303895878588256,-0.1002421742301232,-0.09089370652405628,0.20043243058553273,-0.24670393036919538
2020-10-02,-1.5045168018386899,-1.8406161948254602,0.805226961206193,0.17349189422239872,-0.031223630668415988,1.0840075947929393,-1.0843916449169817,0.11220189220701712
2020-10-05,0.06958535519842847,-0.24678252325552422,-0.931762949619576,-0.9635651492094893,-0.2006695267653417,-0.6517398912294701,0.7020958654047127,-0.020441567952101166
2020-10-06,0.40591574337656355,-0.5396623441648394,0.25153681460705013,-0.001873985762143199,1.281832301696323,1.0048148777574208,-0.3256428055019208,0.26596535297956386
2020-10-07,-0.6921868966888449,0.1254946581242183,-0.16844640686795842,-0.49322080558172515,0.047213380898560094,-0.5675607583127951,-0.14161708274154805,0.061346115508813
2020-10-08,-0.6323733798688562,-1.2160687543604782,0.6656154604485636,-0.19723283814692433,0.6790002019402313,-0.21126773203260674,-0.994770651769332,0.881919577709446
2020-10-09,0.14679579453056554,0.8994829251591933,0.07799445549680409,0.3541430822135797,-0.7446289448644077,-0.07914880157298973,0.06196806239509394,-0.021776221277383784
2020-10-12,0.8934719766312814,0.451275605910443,-0.9355524684959783,0.8880075167106055,0.1473826085028327,-1.3522182221347283,0.15288363421275078,-0.2425473189913271
2020-10-13,0.86597116766008,0.6490658759082826,-0.2415341650679129,0.5809249716509034,0.3136800911529301,-0.447182308125654,0.015376668512818327,-0.8827340995389311
2020-10-14,0.14104711337760317,-0.5412562719989183,-0.3413128353213699,-0.38387911767896876,0.44689828302604323,0.8213847897344441,0.21636626408049764,0.29330605308454083
2020-10-15,-0.1748037971862804,-1.2079193056454203,0.45757581484349696,0.5513152939755261,0.6083701038547531,-0.20730580747632898,-0.6754286828025182,-0.30665059445441445
2020-10-16,-1.3490706588771546,-0.5775141614371595,-0.40151892575790954,-0.8175807169416308,-0.3956027097778718,0.819022894351146,-0.27065033876338457,-0.09993823960294236
2020-10-19,1.0239948898673,-0.5327314067289928,0.6278325113023306,0.07809067333231,0.3289081984287101,0.8855360048600348,-0.16558218808060357,-0.225934718378827
2020-10-20,0.21565881765224443,-0.11712421769178598,0.02867748560504898,0.5707327958823303,-0.38658831228280943,-0.3219158341691834,0.24646293708585887,-0.36789979743274737
2020-10-21,-0.0140395281712787,0.2813772197783263,0.5466336398708936,0.7867355738802974,-0.45448034768063456,0.04686193562497026,-0.44610320555267335,-0.1415321799956705
2020-10-22,-1.3491549330187667,-2.385262962448645,-0.1247353722809265,-0.6104930495839929,-0.4747274709269038,-0.7439537292517594,0.18823343604522405,0.35194453393459757
2020-10-23,0.2913091522830424,0.22131015745309457,-0.2828574596733584,-0.3451848566491285,-0.5916606257488192,-0.08275458057501138,-0.2277354078336173,-0.34976688730796934
2020-10-26,0.6779993002769171,0.20801653052564992,-0.6324399147945277,0.26801823013073334,-0.7152507549849914,-0.19635193655378375,0.4949671914677484,-0.3241178095888628
2020-10-27,1.4855836030160976,1.8687099960273135,0.4856030241509547,0.9470535906087542,0.44784447752352124,-0.47048464818711533,0.26943248434279976,-0.9814388811967826
2020-10-28,1.5588965974644127,-1.0828706767800778,0.6462793739164973,0.32904972102244606,0.1979362030148077,1.1004952168931168,-1.3552620796276384,-0.8110604794731027
2020-10-29,0.9731479425362942,-0.7773877820159172,0.3827888512559691,0.2700915821356247,0.6049575532087381,-1.2955788680254205,1.27606937621639,0.2047712104019248
2020-10-30,-2.253069507004826,-1.8680982452796893,-0.03447581463964669,-1.6598327119674696,0.011308962872910196,1.0857674766127665,-1.1854110251386172,0.41774425550381133
2020-11-02,-2.159486982708912,-0.9922973652823582,-0.6394749716589695,-1.0194300909623062,0.22216764300931696,-0.01242629677012485,0.07635877091354917,0.8336320676792505
2020-11-03,-0.4011581000564677,0.03935197320745811,0.24033653760072696,0.9642455468559538,0.07274943600324807,0.6094087283143137,-0.6080566203630331,-0.7827931968005275
2020-11-04,0.868705452217612,4.19589456241903,-1.7298670438373156,-3.0773257981717896,-3.663718173482454,-1.7823190591783156,2.0142042519605887,0.8722566786352318
2020-11-05,1.0866491007994057,-0.8075559612070189,0.3969510297011239,0.6509877889142467,1.1926862296670637,1.0740039142131017,0.7559204541349874,-0.7523231145258328
2020-11-06,0.010369844676726959,0.29671701933036493,-0.45745043688449244,0.021685585397320323,0.1973515437563971,0.4959110968739749,0.07757279468812445,-0.19756509989088514
2020-11-09,-5.9918123348045045,-7.704536307111748,4.917151725119169,-0.8818965359568421,-0.3375902760911368,-1.4017172062897263,1.346223220369874,1.3811506345076738
2020-11-10,-4.415291753708377,-1.6727139722515307,-1.3880523300017351,0.874149200241051,0.48276870112846604,-1.2696297488982948,-0.8039748431568735,1.056289929110546
2020-11-11,1.7991719154459627,1.9598539562854171,-0.9432097911525903,-0.07965735230951093,1.173354616026497,0.3791047528567334,0.20625554639208013,-0.27887768311001887
2020-11-12,0.7021248653188704,0.44305948947156104,-0.4078250040704588,0.8383242900172183,-0.020816462395748685,0.18523568043291933,-0.22579408474501209,-0.3830374471062027
2020-11-13,-1.5683319444350916,-0.8493985136594658,-0.16004861573118734,-0.5979497733552449,0.4430929668949618,-0.4869871685908742,-0.5101954244465737,0.8060855033613497
2020-11-16,-0.36276824236478883,-2.3610092705473735,0.7685478140815104,0.949859791281223,2.0384037023364416,-0.940932174211071,0.008609834386706466,0.4545746832483589
2020-11-17,0.24294806223794377,0.09374875995559864,0.5965252001500364,-0.6873938299606049,-0.32730084372676643,-0.5894082632869255,0.3955388094678846,0.10316669961182696
2020-11-18,1.3262255257603275,-0.2280806604600976,0.35133608154388046,1.0843031537236365,-0.13078726396124302,0.5044648121358981,-0.08008788581411598,-0.1690571525597
2020-11-19,0.3746922326693967,0.37741148987133943,-0.07470506557357796,-0.2129344000446139,0.790878932552099,-0.2604708628725597,0.035900282170826366,0.03921665065957123
2020-11-20,-0.31460578095704844,-0.4753016824834745,-0.6425349536025577,-0.6030423705386843,-0.3919918638309743,-0.05727754227396706,-0.2851623892924224,-0.3091790118146262
2020-11-23,-0.9381780432359879,-2.3655661530792056,1.5040081625466901,0.13020900041784106,1.1089454763031763,-0.33130679569779187,0.04319017541967145,0.7488641947978443
2020-11-24,-0.9058220013551993,-2.0754126470267,1.3361963190682304,0.45325083160307567,0.7616099899523178,-1.6102941187317759,-0.30567980467107764,0.3589986279934696
2020-11-25,0.6566683481295316,0.9119477550230585,-0.5405139572021013,0.3594144568316707,-0.8884520916876933,0.69249311534227,-0.2953739092427027,0.022853895996300413
2020-11-27,0.22867527174201582,0.6533929412327723,-0.6477874336907568,-0.9293237145841506,-0.5283356954281527,0.1659485925070796,-0.022620860087575443,-0.19843521586006235
2020-11-30,0.7047996729925717,1.2028666114199527,-1.4105652816055463,-0.48473553189817803,-0.14205721580882796,1.8812934180240382,0.3705171795221069,-0.47060889732648603
2020-12-01,-0.22330790194294414,-0.18066806256653775,-1.0067718262049175,-0.03561454204209137,-0.4987661470232288,-1.318080981832368,0.5332347383126852,0.12498275540316324
2020-12-02,-0.5238184872967683,-1.8841030326424228,-0.18761465853955223,-1.1509200341593397,-0.83847864333961,-0.8171609655999735,0.14179369013159865,0.6500804875851388
2020-12-03,-0.03627882539960502,-0.4702388153561577,0.31136041784270607,-0.29618303841956445,0.31848206926413913,-0.5286380432810804,-0.10184592423217058,-0.34965434358518055
2020-12-04,-1.1221503029765778,-1.2406954506157841,0.1669084907457062,-1.3448987183364438,0.8407481189599246,0.6480463894560174,0.7597754834773379,0.9984477983280278
2020-12-07,1.2834215709458887,0.6509169984554668,-0.164385448317888,0.37920070924480853,-0.5621651285824341,-0.3530363254625649,0.44206007442276585,-0.29777119239535255
2020-12-08,-1.0972249047068179,-0.04091216854256811,-0.6776457493669097,-0.837191356316159,-0.01933798475001359,-0.6966579559967265,0.25806473666979524,0.48295022205543847
2020-12-09,-2.0422804582719483,-1.281685734795054,-0.4944317358946523,-0.32672392526035826,-0.21076265793251495,0.2988903200058596,-1.3176739295076931,0.7378081113819357
2020-12-10,0.5459549396946517,-0.5467941987449679,0.1670443079637753,-0.2919938559543967,0.19140431259089788,-0.8711715334766231,0.3159727701622035,-0.059497260910313134
2020-12-11,-0.332545967075065,0.31275118037180927,0.8997362648631024,0.907777735621928,-0.289549970570125,-1.219627827241235,-1.0849633940147734,-0.7167500927097633
2020-12-14,2.219429366741698,1.0955159478556828,0.38588691532550784,1.3128154293502923,0.5881203170688488,1.054609906647157,0.344647564343727,-0.11172336741139348
2020-12-15,-0.450470307817023,-1.0856039887792321,-0.5888821649469517,-0.041484946095397365,-0.1719037322128674,0.18992499501245272,-0.16670880653896333,0.20745899516424757
2020-12-16,0.8539126604683629,0.611526430105058,0.5188757249967684,-0.08467649105895257,0.36051453723284765,-0.6728272034721428,-0.5171111084940544,0.5791441995324079
2020-12-17,-0.9367797147197015,0.9665033717824455,0.4488660700393393,-0.7634687473941419,0.15597584998215158,0.7184451645572106,0.06664456465854378,-0.4611188971386153
2020-12-18,0.032632032162273034,0.2621971293264971,0.23331105085259005,0.03429158096882902,0.46652946447366617,0.8640312744950167,-0.38325111903057296,0.4021039385026115
2020-12-21,0.8163080838331135,-0.7894503782431446,0.5968097615408621,0.3447846175313287,-0.7259728844145098,-0.167042386956465,-0.8935316470900118,-0.35069830557306897
2020-12-22,1.1139397689501935,0.8434733026887308,0.41714635571558956,-0.20723409939824786,0.4676852794696339,0.45212816839784087,-0.06177242997805366,-0.15195943547515928
2020-12-23,-1.1576348998791561,-1.7561744044297083,0.14853714963919246,0.0835179995597089,-0.3956415405660977,-0.45521483807742036,-0.3304427342460202,-0.2274347370416311
2020-12-24,-0.45695486690318177,0.2713314618281134,-0.06241618917920445,0.3522922465680652,0.14435440050536372,0.47335016814530423,0.5225039968270201,0.320288388454194
2020-12-28,-0.45377764226247186,0.6533624113631767,0.16205665597961677,1.5900463211314297,-0.5591916886120857,-0.9440795793026289,0.24313775584060537,0.4450505312058779
2020-12-29,-0.46580528241149677,0.35852548494172387,-0.13379347388150956,-0.2986101629789221,-0.8971323915191796,-0.20707920181576378,0.5431420284231907,0.13358600619354807
2020-12-30,-0.3104214151891165,-1.0739092857712014,0.25708965336124007,0.12729053528157702,0.3389518242518313,1.0527086125506437,0.7540656762152381,0.33337385734373515
2020-12-31,-1.223472172101809,0.140428705324657,-0.31265612788174885,-0.3201827352653109,-0.3597518817771002,0.06994863423692618,-0.25086719592130774,-0.2882898399227295
2021-01-04,0.6513442536554678,-0.6442235831462144,0.22876225989265628,-0.17252462402828575,0.326539033266541,0.7420643459142365,-0.2498047268872035,0.12395067386258052
2021-01-05,-0.050260307391455164,-1.1878253883730345,-0.5603615795279965,-1.005872455211498,0.2231579344611266,-0.7517901979216489,0.4430621454535818,-0.23630107389583946
2021-01-06,-2.4970237530777055,-4.027421125711567,0.4230228172760393,-0.9166035199699503,-0.15126777369825503,0.993146366389229,-1.1076875617436237,-0.7655321539657424
2021-01-07,1.6621730375967474,-0.2683186794257421,-0.5407656096117105,-1.0877710732116153,-0.6182732734390872,-0.32573861561715356,0.7296607131597401,0.25517452090531384
2021-01-08,-0.2311239776147345,0.43744643879522527,-0.18685384977356137,0.10437292589816749,0.33149862823781884,-0.36628642713336124,0.6228279697459608,-0.5001753374874766
2021-01-11,-1.0195553389676346,-1.5990299464540725,-1.0485019238218967,-2.407588898989342,-0.8663259356310855,0.10902678009027827,-0.4812343234990793,0.6784777605153484
2021-01-12,0.43194336691645335,-1.7807805058820996,0.13885328233462907,0.8451721509765453,1.4715601742273339,0.12331966428366828,-0.7373934271828123,-0.0737766155382277
2021-01-13,-0.043233939980412896,0.6140208740343802,-0.0859185554755261,0.0678022798547169,-0.5763130146257084,-0.987115520423238,0.6779597123671598,0.3401098957839545
2021-01-14,-0.16323692879451138,-1.871419085127484,-0.6584775936637073,-1.7615354364476135,0.8097667267617201,-0.9570645989653404,-0.5463044722306414,-0.30978762747992133
2021-01-15,-0.14029864743434112,1.4777204637239467,-0.4037384585375026,-0.5053013234167283,-1.401924208706464,0.5096392568628888,-0.8440899195960585,-0.3118008792499735
2021-01-19,0.7505212819099949,-0.04824651632143406,-0.108358839664896,-1.3580834652679257,-0.5631798695729403,-0.7147712897149725,1.1226390973228724,0.016041718846447825
2021-01-20,1.5597452208467877,2.5427605917626614,1.140270850741367,0.8388813309994879,-0.7282711038254255,-2.2991196916179786,0.2820988490200952,0.7777289726352501
2021-01-21,1.3671153371562659,0.52713319711764,-0.9480551342880821,0.7463708572324198,-0.10830603888432373,0.43729982505123777,0.2149627913343997,-0.2338828146931573
2021-01-22,0.5094663481367346,0.310875784878913,-0.8900476187489017,0.6545439853270972,-1.0294796157657018,-0.9325455816602399,0.2917787810835698,-0.7854032103695338
2021-01-25,-0.37415621271784766,0.941353540045052,-1.3699613478972337,-0.19395743470387458,-0.521342324264117,-0.17293894588439793,0.23092228485888192,0.13317440353400542
2021-01-26,-0.5563813793658523,0.8563638925620488,-0.014955876459687602,0.8351247064747769,0.18735191313550822,0.02758101865421947,-1.0553790882516885,0.37043406554523056
2021-01-27,1.7576575210252332,-0.6222627396807207,1.7988251976569756,0.15637407583036314,1.2216634341565678,0.29572004598068735,-1.933955383241549,1.0928897642308233
2021-01-28,-1.5903160223829478,-0.10282323149073508,0.8501996513893397,0.14428419985330973,-0.15919127671964522,-0.17773652852884003,1.0417531524169799,-1.4153161741997258
2021-01-29,1.2859640650722668,-0.0016964136697643105,0.37462440016681237,-0.8338539106946613,-0.2780615264984237,1.3912621744061364,-0.20972435626768102,-0.46148787578595546
2021-02-01,1.5850624107312714,0.07170889295305863,0.6849984927571918,-0.052340666721620015,0.23310538484654098,0.08723839526053999,0.80083136155534,-0.03853201586654311
2021-02-02,0.2138551429016078,-0.8196653367468839,1.276932497105128,1.1064777323968762,0.33545993759807036,0.1438059370192517,0.10614395943063477,-0.18443721627164147
2021-02-03,-0.3658454469833536,-0.5308104351285171,0.5900315888969908,0.3985699848597197,-0.015703181875661932,-1.5915215767877187,-0.8091709129026493,1.1193045163913176
2021-02-04,-1.2762472144006989,-0.03163765852481803,1.3888164127417237,1.0174734874943379,0.28853563494143647,-0.41327764376784437,-0.8788931430913357,0.9948682626230462
2021-02-05,-0.8029608989395177,-0.06722942521714571,-0.25222852389981204,0.19797159146241347,0.4393319789569405,-0.6705219369723012,-0.3412311437570698,0.5442251136043781
2021-02-08,0.13466357289045397,-1.6198783888688983,-0.06081543146783763,-0.1612648320075032,1.4203112371202407,-0.15557550073490475,0.008073715004491059,-0.48603522925076964
2021-02-09,-0.18459305650769525,0.4282277271581899,0.48337067994615085,0.37126351912705663,0.09938234673146656,-0.13660008521988695,-0.5396183506425428,-0.010212592964864702
2021-02-10,0.28928896215698974,-0.2761944641420466,0.5703103652677751,-0.3886081585007746,-0.3002517975054273,-0.30169801306316635,0.34115557547529873,-0.13923200008748
2021-02-11,0.5573297033083383,0.3176072592244499,0.8540538321810991,-0.12343093234132593,-0.14450551423436767,1.3241694481907524,0.8212059954679927,-0.17702666456033658
2021-02-12,-0.25074907795684426,-0.43912334154514476,-0.3998973542229373,-0.746250849986215,-0.42828763746991816,-0.09210785232949853,-0.19672553031255158,0.05279467177214485
2021-02-16,0.17244619301425687,-0.7883420038747718,1.2404130010260093,0.3384041633858078,0.6893071364563464,-0.6462253664352695,-0.44626844920459335,-0.05975486679355919
2021-02-17,-1.3668886007129117,-0.21978996103769044,-0.3680478846243998,-0.1737207277075483,-0.2624174003590572,-0.9932591161992194,-0.6416683578274384,0.16879797297375723
2021-02-18,-0.0762897276275055,0.2561394018223112,0.7168736753655283,0.061174719270182885,-0.024228082128754182,0.9740468426631217,0.34175769626841557,0.08219720434455385
2021-02-19,1.0003727686169803,-2.3249139128407026,0.17346664031964656,-0.052958897529102114,0.6793456962135757,0.5857549513927848,-0.06771197808432489,-0.40811182925496187
2021-02-22,-2.830552546933385,-2.3671118910240585,1.7106201176580975,-0.014292335193474998,-0.24569967402897855,-0.3601420541392234,-1.2010801465410472,1.6634388281553736
2021-02-23,-0.47554673111224527,-0.8797112159913223,1.401671251686613,0.39131578615181706,-0.6932938471987575,-0.4712811453674968,0.8496719313098903,0.5694348555546528
2021-02-24,-0.012670880774378519,-0.9503072932622589,1.4014490760161482,-0.7980766991163051,0.26502485963143124,0.554685234392994,1.3447365612613271,1.078762059215537
2021-02-25,-1.501721188007464,-0.5430772591866785,0.20097751098371391,-0.606590618276965,-0.398005765978595,0.15911704712770808,-1.6442598003055984,0.4886290408402909
2021-02-26,2.693997066818262,0.5349723607048951,-0.39378213927151456,0.2678504714576671,-0.4050345251670692,0.734821457721595,0.9721182221622728,-0.38271597705416316
2021-03-01,-0.13389263999231596,-0.6516813450217976,0.3508326064676082,0.3338037125684617,0.4011964799740772,-0.39575889988603297,0.34229463769511537,-0.09946992120106918
2021-03-02,-1.2233262199715078,0.0413838000323507,0.5487206249615553,-0.20350940842054868,-0.06601510193552419,0.3600554307962006,-0.23482408889013048,0.1321988059797345
2021-03-03,-1.7568531406157426,-2.3374497912335492,1.03365000062625,-0.31667791242411136,-0.6225096834991116,0.3825816989565089,-1.050941591734598,0.5400460945137289
2021-03-04,-0.298644621269715,-0.34803312469711883,0.7554974080766502,0.6441955394953564,0.020008366470937476,-1.493475825387334,-0.6012051769172507,0.432832279653855
2021-03-05,-1.9149365767454234,-0.205667023089071,-0.6523618811218195,-0.8867587360512614,0.4482955600403051,-0.6642128438687392,-0.6573491583775747,1.5065849495212604
2021-03-08,-4.18260640992604,-1.6596188584432074,1.9179715144459761,0.4908688293232814,-0.8975191513471812,1.2175373733236945,-1.6876508865426814,0.3785885626777442
2021-03-09,3.360150743793934,1.755763027859659,-1.5976671928558974,0.10223908492027,0.6412498245754001,0.3821712647073272,1.6949197804968699,-0.3060937375584803
2021-03-10,-2.4071253176967384,-0.424635516965123,0.30190259306100053,0.599376706322215,0.9184854573012183,-0.5767272646857443,-0.3008086083023883,0.11612556690167367
2021-03-11,2.2231850673709714,1.9707798191743107,-0.19293499680607323,-0.5067377798111566,0.18394108136539952,-0.16829891031260305,2.1867855435472343,-1.3694273056532906
2021-03-12,-1.4655855068726278,-1.3275324134569824,-0.5195190300991622,0.43864005062424954,0.3587450351944149,0.28029445035702755,-1.0184713709960016,0.1017956614122075
2021-03-15,0.3061992800132452,0.1791774760068885,-1.1665162570098004,0.15856995077291533,0.09522108279931076,1.1377878544781839,0.2445622747693901,-0.7690364644193616
2021-03-16,0.18857940497318437,1.1498407797901773,-1.127461832673164,-0.0028794900129008164,-0.7975754479426785,-0.060999619037620266,0.8460045117352084,-0.14427818581434848
2021-03-17,0.8018689617821491,-1.1124936083331831,0.1320429176496893,0.9456513389473635,0.31345457615292915,-0.00596168595656409,-0.2924699402535061,-0.5930245434279481
2021-03-18,-2.3669746513952914,-0.5920072668925602,0.6413104022060725,-0.6831410684503214,-1.0630361417879162,1.8581527361231658,-2.3203246602889585,-0.9895233671711892
2021-03-19,1.2831109437407862,1.5171698264674571,-2.058345834243399,0.347588924464484,1.1534849240246934,-1.0480149995963168,-0.9995136335150889,-1.2221739689211788
2021-03-22,-0.03707279833359376,1.951864194264696,-1.8872539836968705,-0.210445977743249,0.5307929725891085,-0.3070501170671755,0.8138524430482647,0.16054012511792323
2021-03-23,0.15708501803705704,2.7266455823836773,0.38380449127769556,1.399567345246113,1.2491432632214556,-0.08633365493513591,-0.9987729641199209,0.2162048289793703
2021-03-24,-2.1991860154830243,-1.2038861200749038,0.9490392445317435,-0.01446553547451732,0.5351709499137781,0.5300390142995167,-0.1716912602768522,0.25032610508242287
2021-03-25,-1.3635152064596632,-1.0830075142280011,-0.9254292226997539,0.5024023705502301,0.9813710024862897,1.0828306360935989,-1.6707256762179237,0.33975694477280755
2021-03-26,-2.1864592026715153,0.11181777647531893,-1.1695181770923844,-2.0982795633421625,1.4897694616279789,1.8604011408163486,-0.04513089855652082,0.8636967006863894
2021-03-29,-1.3792482659918597,1.4833429981486221,-1.108257466384764,0.6889316088412961,-0.509025698908085,-0.9465153883054138,-0.6444545331631205,0.8281083590604148
2021-03-30,1.4977926831363129,-1.7640157119947255,1.4466996847930138,0.460766179342002,-0.7838257361135974,-0.07551072109414994,-0.39194731134254784,-1.4705377740433565
2021-03-31,2.6392174138745936,1.4586728324219809,-0.9547269297379318,-0.417118302601099,-0.3694809537586324,0.07435580793497654,0.9413982206356274,-0.011370171774518616
2021-04-01,2.0830143638508067,0.1507768270530597,1.6760580549438262,-0.08400074299279708,0.24550597261308096,-0.19343702462070628,0.3327645367914004,0.31577587149899783
2021-04-05,0.4422326554453793,1.37870384680869,-1.1583316387945348,1.537336620294335,0.4953535050494734,0.742095881528171,-1.538283042019086,0.20499905293452247
2021-04-06,-0.06596597152098137,0.7495900047501419,0.6677091492836459,1.2399581348882833,0.24124638496027245,-0.17011477797498425,-0.12095622483691401,-0.24491438092441326
2021-04-07,0.6454801850752722,0.025383743171099316,0.34247058710008643,0.10779068717887824,-0.5215949586440853,-0.7079092818928311,-0.05622508678886469,0.7236626375812413
2021-04-08,1.1425175769027909,1.1088370389062054,0.4954165491744045,-0.1741286854463344,0.011822070731964274,0.8565907491087159,-0.058385691726114214,0.3947309997633684
2021-04-09,-0.501832669067468,0.7388091806011131,0.20923601688880636,-0.9618672945396495,-0.7634287512971248,0.09343670155426378,-0.4402749402773967,0.15195783969598664
2021-04-12,-0.42814526823243443,0.45140000713064826,-0.14037263867287075,0.4023802966506309,-0.449004591425418,0.2050674674447961,-0.9192469714917254,0.33315118225006923
2021-04-13,1.9707865387690255,0.9117462098389605,-0.34583503061288023,-0.5160299837350663,-0.10277841746654848,-0.6799217398821281,0.9105961149870447,-0.0010010673867721519
2021-04-14,-1.6520657424384906,-1.4724978154018935,0.7816965024296135,-0.27745029753427075,0.508530168612419,0.11272104731575125,-0.40054862593303325,0.6764460709434876
2021-04-15,0.276664540340744,1.961238883681215,-1.4453262914483904,-0.7390952467933566,-0.5579047585807828,0.6297468209019143,0.8486033440527878,0.6650863534586765
2021-04-16,-2.1396913620697773,0.24285850006667492,-0.8469981515934015,-0.262348790958697,-0.2066791222469497,-0.29312630936829986,-0.9703313083526522,-0.23724396571255132
2021-04-19,-1.132648945070682,-0.0834256379627311,0.027257905239463788,-0.1106146028196889,-0.9704577924024445,-0.8460673280637129,-0.49136400990047563,0.49260126133082877
2021-04-20,-2.0242419351844214,2.579843745909304,-1.4707369938421266,-0.7776690768114858,0.1072310526930611,0.04076509056266214,-1.0562134302352535,0.5405594268725759
2021-04-21,-1.133410314571811,-1.5649205390047791,0.04405394857734989,-0.46208429747269575,0.38399478817652355,1.2155814112614327,1.2231599109471119,-0.05974381711104955
2021-04-22,0.26369896956617667,0.7155744831172111,1.76516028653005,0.7041033976893396,-0.13422625266289248,0.6015715681425452,0.46563323149834485,-0.4649540898947524
2021-04-23,0.801344657001338,-0.3254546932040122,-0.09578684696887928,-0.41322357684556993,-0.0473400214892189,0.44933270852511503,0.24637985774947496,0.2257694449849152
2021-04-26,3.0922932877740434,-1.1876373637262585,0.942649092963739,-1.1408564829656178,-0.8309007401129952,-0.27004612597953703,1.467283909285598,-0.35988196917115667
2021-04-27,-0.6422064750825485,-0.3532621770300736,1.02435592338582,0.6383501781279415,0.7704097081182472,-0.15628607584338347,-0.5654997417848441,0.2582938085620681
2021-04-28,0.3559464801729926,-0.5158909948557362,2.6671795636161635,0.7266734551203375,0.06529530689127083,-1.1816549820959072,0.013426732347640379,1.350585872681221
2021-04-29,-0.781779270824105,-0.16446393487913918,0.30124277475931527,3.0810138124224307,2.2195448748348467,-0.4749788378433724,-0.9007307760934911,-1.1095340531013245
2021-04-30,-0.5533620702090106,0.9990538654373231,-1.1815068815987402,0.06702407974451333,-1.8647702085136486,-0.3156218275593307,-0.9263807345026459,-0.6630146001061695
2021-05-03,-4.334362295402721,-0.05184087185503913,-1.8950608976171655,-1.0463969471975743,0.3346770871894691,-0.6124692792980312,-1.4675251555235982,0.9530175086914815
2021-05-04,-1.581806597255147,-2.1289889201168126,0.136235754348868,-1.3176285513431847,-0.6678323179697845,0.5285727915425315,-1.0016427829276016,-0.3005021483579489
2021-05-05,-1.083528308711159,-2.2186489356443406,-1.3622833069012266,-1.6519425305472322,0.207974451377664,-0.6229059053812595,0.17705309863151678,0.7418445521253462
2021-05-06,-1.3359549488124534,0.15659442559886352,-0.5504857311736278,1.325449909568571,0.9479661533155077,0.13418378923938654,-0.6946793087377122,0.6550162843927809
2021-05-07,0.1687091522194063,-0.6295768733042265,-0.4848527692400332,-0.5956038526778915,0.3738918570826152,-0.35759618865643317,0.5274073710070706,-0.14511955060105639
2021-05-10,-4.236727450333238,-0.2434463096048071,-0.44496286827239484,0.09339318971047801,0.49655682990184896,0.18699981885663552,-2.3915575876808086,-0.414146213070336
2021-05-11,2.7825728572389963,1.261769212615698,0.5335564596311886,-0.16467154299799544,-0.6632403043735875,0.04779027728491394,1.842570212683999,-0.14641896226720383
2021-05-12,-0.2358364456278467,-0.8932512650661316,0.9763414934503244,-1.9049586660867868,-0.9577323501031952,-1.5396443871211205,0.5451822924241464,0.5565467920044013
2021-05-13,-2.2655182611232543,0.8448033022855295,-0.8344688771565378,0.6154085321751039,0.254197257425134,1.0802231184677207,-1.6483035741379095,0.04632658279303875
2021-05-14,1.521600013643509,0.20093095213974432,0.2389737822373069,0.09864793105900271,1.0134131745394315,-0.8006955001356976,0.5384067240684878,0.9988406391502318
2021-05-17,-0.026347191700634584,-0.6137358908223721,-0.1840879281106746,-1.1424449726154682,-0.3142260708590583,-0.3203696568079607,-0.1829284290737669,1.97839734650496
2021-05-18,0.15985048590640444,1.1718721309818096,-0.3127845175151058,0.4248890551892931,-0.35880700317601255,0.5331616255894817,-0.11268725703611249,0.1508822725167349
2021-05-19,2.0361399666978,1.071174890112045,-0.14521155788061912,-0.39285518390848667,-0.5776415678029354,0.9600366370433283,0.07900722434515403,-0.42767491488268494
2021-05-20,0.27049466147179446,1.8341010361787626,-0.9416099271664989,-0.06255016530066172,0.12956014871199117,-0.05640546457835987,1.0999260324054474,-0.018996920072345064
2021-05-21,-0.25330203372413773,-1.1101516931006283,0.9241075108884117,-0.016468918983102543,-0.09299639819978045,0.6303744000103484,-0.5640268446263338,-0.061314699443955865
2021-05-24,1.453839622484968,0.35955717798468106,0.41858768274595126,0.567566688156877,0.5950699993510806,-0.7998542915543718,0.5685148446165114,0.7634066450789158
2021-05-25,1.3781388860648265,1.50010658297836,0.1723267345774677,1.282045495137895,0.800436226245006,0.6212086002266919,-0.28856744364675585,-1.125576326044545
2021-05-26,0.8290492624297096,-0.2358986437387341,0.26495780593079715,0.5142472346443795,0.4420526763197253,-0.8393281578477086,-0.48636322106803564,-0.38356058645747015
2021-05-27,0.6352874800541499,-2.3784756046740916,0.6862269567167804,1.261221415825927,-0.4709133935145899,1.3961036806554656,-0.641985853384636,-1.060572295604198
2021-05-28,0.6572779524427582,0.6445659261801185,0.3016058395672373,-1.66656481710257,0.32566254936126765,-0.06838686277594111,0.6397326013831746,-0.33223289841404524
2021-06-01,1.228781775778883,-2.21305922597799,1.601755364399498,1.1258170197684998,1.5585427863081236,-1.0399781278438804,-0.15807874567575875,1.264345317345203
2021-06-02,-0.3309670001329541,0.40966427481729484,0.04228293699587602,-0.6570139464895411,0.3351354513792683,0.8297219245251887,0.5091473906404116,1.2876041711544721
2021-06-03,-2.0762100702243766,0.29826886843774925,-0.6350038085153322,-0.5679352198041407,-0.3114883311749425,-0.19850489241597039,-1.7026450409050036,1.080073973992209
2021-06-04,1.2654171709240987,1.0582496660119864,0.08785568966781704,-0.48732387902752927,1.0268443493581578,0.01771222267841754,0.3111408330275795,0.563545725815661
2021-06-07,0.9672498155013742,0.9624891101008801,0.09883390533816445,-0.7457447101052999,-1.6695123251668766,-1.0044926430329078,-0.7906721853613364,0.9544615237065758
2021-06-08,1.18278653813767,-0.2839613446374264,1.3536565030652818,-0.49990918392442146,0.46031345109931376,0.18940998191831254,0.11634674176104821,0.2698791269301734
2021-06-09,-0.9410846826989044,1.4703520233492129,-0.8813218797046977,-2.4392919085984057,-1.3445102592267542,-0.6613263882593216,0.48636891615146394,0.7068037692502389
2021-06-10,-1.0874033179589775,3.089711013508975,-1.9442233448067756,-1.6789988907164695,-0.9306235930033232,-0.8908754950985567,1.4888117271836394,-0.11065380693743071
2021-06-11,0.604321683668783,0.6288005157824245,1.0616984571449335,1.4100922188044622,0.7853590927160957,0.8499003159371472,-0.11845632847630419,-0.37310663189951077
2021-06-14,1.4792011912662462,2.2186675958094497,-0.1515725243374366,0.13514982685776913,0.482689470061102,-0.8121018656734557,1.1407037841479493,-0.3866234967871589
2021-06-15,-0.7785115507377482,-0.8137203337173137,0.500147908837141,-0.23577568320679435,0.4340164767581732,-0.785685636304328,0.7237911398153227,0.8035113651762598
2021-06-16,1.126163406800235,-0.6932602260955121,0.573531981884171,-0.465711448774993,-1.3102768765956767,-0.9553338153706996,1.7258657707766993,-1.34642503759994
2021-06-17,1.7445210437788157,4.668741990344066,-1.772524560028564,-0.05503269888448445,-0.901129271987349,0.6463951271915341,1.2797363927241414,0.2130008946030812
2021-06-18,3.4886846738990287,1.2247837195957363,1.6120178105457685,-0.08267813803573747,-0.8911476521726198,0.5609789408104241,0.9090795404674749,-0.7135506070186473
2021-06-21,-2.8850602430463965,-1.0780670813448892,0.04661392755794624,-0.3524941203832672,1.0143275537091982,0.3749081502806132,-1.1081309845762124,0.9694876131663863
2021-06-22,0.5572061396277533,0.8137799654849159,-0.016595034710618187,0.6978604712529937,0.3898028303767624,-0.09514528773375754,0.314999562208408,-0.015500691994292371
2021-06-23,2.254568803795425,-0.4597345771815034,0.7036937121308716,0.28969634988002735,-0.031225603469480348,-0.0494822590572776,0.1047490977511424,-0.21950320393754474
2021-06-24,-0.8142773685217289,-0.36168700247187757,-0.44598668828257215,-1.286255294347293,-0.6010914715644663,0.16440987460684622,-0.11688093289025557,-0.33275705878944867
2021-06-25,-1.566091381834204,0.21667686676468875,0.6412149063990769,0.7170371585574428,0.24738878524595925,0.27684361726232143,-0.809233338010895,0.0016336612408141358
2021-06-28,2.7394158358189733,1.4037370522903683,-2.005394518100474,-0.24187559896826477,-0.23295462518953308,0.37392010323003666,-0.07777722644365342,-1.3173778232764384
2021-06-29,1.0767360231384016,0.5824163855723065,-0.038311478584448756,-0.60148556581847,0.19015137613016006,1.0314212036126935,0.7987566515669717,-0.38982722984897306
2021-06-30,-1.1938071618950512,-1.2166608164295076,-1.1146444324680014,0.4848225102552631,0.4225982279116993,-0.5920640496854944,-0.6626859764399521,-0.10415329582325301
2021-07-01,-1.3907858662468366,0.05699714852466844,0.7252165761721089,-0.9882580248931229,-1.1311668207580832,-0.3897568898738949,-0.4628979836160973,0.2835757159406147
2021-07-02,0.11337716486081328,1.9312442761536508,-0.9966488488681218,-0.010439573196126914,-0.6601856278020486,-0.6975092251570615,0.4288975330495481,0.7718317396856533
2021-07-06,2.388841749876775,2.958363225421364,0.18234311406215156,0.053148485517080846,-0.6010793025820231,0.13016119750848462,0.03020945611440494,0.9570407871710075
2021-07-07,-1.5923683691322643,1.5456693898785148,-0.36734246734411297,-0.155603329837215,0.11620476024138224,0.6465744432381437,-1.8912290046134683,0.16043575689825276
2021-07-08,0.6288717953904764,1.2677790609637287,-0.39444623777050997,-0.5007388879113388,0.7054646945164926,-0.5369690801422777,-0.05841385470975746,0.09989547896707729
2021-07-09,-0.8615595629953575,-2.487567582939774,0.17737147999166222,0.7595797446158783,0.6509566749375681,0.39392328440672714,-0.8015924422293359,0.23126332486035936
2021-07-12,0.7521819196753374,-1.2246136183757974,0.19317676270678397,0.40047112661372847,-0.9390669887199655,-0.46258941264190784,0.7437445428719273,-0.987253682052592
2021-07-13,-0.6268308992491729,2.2549249320335236,0.33458318994912023,0.2666830913026163,0.13557074880305606,0.0409668442927665,1.1991263904089249,1.614062768408434
2021-07-14,-1.469324720002913,2.303511219121188,-0.9042235641798214,1.323246978077683,0.19743163022532986,0.8406154600833678,0.1760830432436185,1.0277904365084376
2021-07-15,-1.9951557003331848,0.327987732074324,0.4128440547397532,0.8714517556113806,-0.392564103444377,0.7182579868733091,0.1549891843423646,-1.0119090967435935
2021-07-16,-0.6221548050288559,2.2917012819466716,-0.9091892152646086,-0.7660205406868539,-0.7644058903748072,0.9029065334567143,-0.5845605681311027,0.2796812131946786
2021-07-19,3.0221055884248123,2.1616603235484138,-2.101741067939869,-0.9896062567157758,1.1947733882043765,0.3171439818322578,-0.7795593410267436,-1.1582868386501723
2021-07-20,-0.46451249832667607,-1.2170541828208885,1.1529280529710282,0.14761860007340252,-0.5137952224050423,0.8658834785183417,-0.7871220195263189,-0.6530477309473591
2021-07-21,-0.17983893539752732,-2.404704674066515,0.333475443034755,-0.38745364599566473,1.194724650039135,0.16290211437254323,0.477485373652434,0.8775888594251406
2021-07-22,0.4996753313825368,2.874802068674965,0.10954273111123203,-0.8075645224121966,-0.6768038699621478,-0.49851183366380786,-0.7842812968253474,0.9874152736584987
2021-07-23,-1.5535423709466951,1.5722320274862218,-1.5087824460132517,1.3120480074236973,-0.8830821116519868,-0.12304528284448772,1.7386057959781644,-0.13975123145352533
2021-07-26,-0.19102747303021692,-1.3859253834529182,0.715793272569606,0.7143505905959029,0.5322242853153996,-1.2504446834447662,0.030576353496060825,0.30209146962026134
2021-07-27,-2.2115654825995925,0.2564576172552749,-0.14296569571963433,0.08215344910516856,-0.43542590755061455,0.3821084982229637,-0.4204401084583735,0.5001935786466027
2021-07-28,2.740783803328169,-1.1241414572813098,-0.9480400789899391,-2.10306321576942,-1.1065893454788958,-1.0693644521607961,0.7406408009964022,-0.4303190486839607
2021-07-29,-0.20207158002217426,-0.8807864628441024,-0.0507788790584221,0.41469333639423955,2.2221927100410057,2.215415717081567,0.7135163367105849,-0.5198669011118848
2021-07-30,-0.781277031867208,1.5790693226179264,-0.9499990454081791,0.480011885037813,1.5283131601127644,2.2140957183398897,0.582754296694816,-0.9313142955642827
2021-08-02,1.317461170349813,0.28556683027208696,-1.1022378641280226,-1.2543496101373794,0.5370233256515705,-0.8439080849175217,-0.9653370348659263,-0.5339305113689803
2021-08-03,-1.288963323237192,-0.49293115753255146,-2.1597279443591324,-2.0148959497158554,-0.166414081692074,-0.409448553746699,-2.4575892658388745,0.5141978249492581
2021-08-04,3.851144675334977,1.0777559423637448,1.351735010817885,0.35255565587077803,-0.061006149104295755,1.6744023072535925,0.54794113249173,-0.26134213686591495
2021-08-05,-0.958919725614135,0.40030955839788024,0.88855452425289,1.1468207103069266,-0.2340834470575641,-1.0807553936394427,-0.555777268730482,-0.31573396392082825
2021-08-06,-0.8795798328278588,-2.0073815625095213,2.139459091153176,0.22080076920415045,-0.15009548904799558,0.07291300665755253,-0.6053480419595764,0.1907209630034606
2021-08-09,0.1316415251445387,0.11544790581767712,-0.7017275609541863,0.026193862594605523,-0.9570222978981351,-0.434051603183602,-0.7442358555679949,-0.19511018198575614
2021-08-10,-2.0130477238869866,-1.9718988564041207,-0.8840940485235353,-0.3386454453637007,-0.06143979197995849,-0.9676428629375932,-1.0665174787482443,-0.21911198583105282
2021-08-11,-0.19108825083327602,-1.3911795991891216,0.1715758065446368,1.487795783920415,1.8329229586789118,0.21183471538690563,-0.9787983344460169,-1.2726106206030066
2021-08-12,-0.1816012051076052,1.0363259673463163,-0.3849716940425971,-1.33595479482678,-0.556041335895163,-0.8681120212029556,-0.45390417519784965,-0.033401171774947475
2021-08-13,-0.6669983998808047,1.8813375573627689,-1.2848203194979482,-0.691167705614824,-0.039718237080264764,0.20251157535461892,0.7496079587665685,0.3444886881727277
2021-08-16,-2.377181488051273,2.104681784635481,-1.4893328227968556,-0.4700044381880595,-0.9574628443278199,0.48118714564942733,-0.14413527184142252,0.34505755961319584
2021-08-17,-1.8592957068613112,1.0641768588236444,-0.3157001604156925,-1.8520085082467361,-1.115228855139391,-0.6235545990374777,0.5657300716557024,1.644035282544595
2021-08-18,2.304268498668762,0.13781082811747225,1.724825603565588,1.4236137340401047,-0.6725046978586301,0.00699106066038606,0.34201900716583966,-1.488922750306971
2021-08-19,0.017093724421028033,3.668379694444227,-1.5746960143027644,0.19515497851950023,0.896601705702402,0.6630115230877539,-0.9277454927046798,0.6193415414921644
2021-08-20,0.9284731913938064,0.6936219314926421,-0.354778625778616,-0.019877188403959467,0.41066948233220946,-0.021668299752888785,-0.942290519926327,-0.28880023936196425
2021-08-23,1.9089922662648422,-1.7439116009880682,0.945139311728266,-0.9200688820718814,0.04101123006470235,-1.0535148969423767,1.7925496926810467,0.2665521080408487
2021-08-24,1.7608389641664257,-1.970264196672601,1.7711800430205364,0.4997283495591303,0.16678581562697917,-0.2734447383172353,0.07569996931701514,0.19347725059339999
2021-08-25,0.7736569932716835,-1.2193553162377306,0.8771399695318841,0.45383501410697813,0.4556323015593669,0.12132308726260341,-0.9773038078878625,-0.10675010221523595
2021-08-26,1.0967983703383062,0.6660207156539572,0.4948313619506948,-0.8216885008214065,-0.2081264941886241,0.16439277300843427,-0.3155290057241355,-0.7492678266018088
2021-08-27,1.3600508859148113,-0.8696175960475021,0.7026773445430334,0.8154804569426477,0.5428578584762648,-0.1255094597134127,0.7300314082075644,-0.13173558637302402
2021-08-30,0.3421815923245556,2.255735375894509,-1.9420022258591485,0.49184816747593363,-0.08790414505288083,-0.8045522110324337,0.18515102271667305,-0.3269299918438412
2021-08-31,0.20822458733597374,0.27130807916945393,-0.06843711583888079,0.8302224986471003,0.2053427207673043,-0.4516396306179502,-0.5600456250785315,-1.310226774905731
2021-09-01,0.4920594567886407,1.9669858896164198,0.9038752964717719,1.8654833659086252,0.24655787627450435,0.20718247449424385,-0.28439551577418665,-0.5346989481386086
2021-09-02,-1.915043961590566,-1.0470962198631868,-1.9397770653716109,-0.9447104933834591,1.1675949589126415,-0.9102598800963481,-1.0328430566470441,-0.6232102515466867
2021-09-03,0.8018713357927906,1.2304214682501542,-0.22646448841564196,-0.14543545836815414,0.26079870406703315,0.15983169759103563,0.04948740456965634,-0.20056053052856637
2021-09-07,2.9742320316814728,-0.36118919193185706,2.1068373387768187,1.3754426697902968,-0.9235553044930463,0.05294956623575078,1.4814549477310044,-0.4336943030008126
2021-09-08,-1.1981448814842097,1.7935840315923457,0.413954501937455,1.169034896902316,0.12961629524875842,0.8975129434591881,-0.17269981507807916,0.17766654028925322
2021-09-09,2.0275089659677037,-0.8061363658455681,2.2638583222727413,1.6199012053033106,1.5614125746979137,1.4594358005741492,-0.21250474058112037,-1.0160127400915309
2021-09-10,0.6066933233696018,0.29884846607199267,-0.18910353542285216,-0.16599015239070256,1.00606745206016,0.7507629819964984,0.13139790594984194,-0.5147041549542706
2021-09-13,-1.245540408403577,-2.6011978499713266,-0.3125197928621915,1.2531341049625457,0.44295759895406,-0.10359493508766227,0.4831266235159393,-0.3375959226961183
2021-09-14,1.8851834289043603,2.531129900006857,-0.18485644158431183,-0.596668992559797,0.13123565489720465,1.409679453316251,0.8964067544086907,0.3206045874773066
2021-09-15,-0.7324295019069971,-0.4019293842877081,0.191192853619659,-0.7730816675564827,0.5710390092207301,-1.5805965036573564,-0.2626825764578386,0.48521013677376607
2021-09-16,0.8176639366813439,0.8312592190476318,0.9216339491850661,0.8178020566711199,0.0684072097840643,0.34804829915795843,0.11520841395358407,-0.9193249826785619
2021-09-17,-0.41594548721911156,-0.26147737978921354,-0.251032691246947,-1.0590070156865732,-1.440265532776848,0.3097423312610238,0.08612203777140028,-1.431854480439644
2021-09-20,0.08174731827259062,1.3507208997703757,0.5423313324069042,-1.1485263854671441,-0.8883012898552407,1.1817191729308896,0.5382660206343971,0.17631979405181375
2021-09-21,0.20881978665962891,1.1031121398748671,-0.8666031502282648,-0.17691726011332978,0.1693283807074938,0.4599897323447213,0.3025454571279465,0.13249217615762682
2021-09-22,0.4437590253434971,-1.9099161181951732,0.7701650285227374,0.1988152828025301,0.8480150078771189,0.4260751570342469,0.16724717920370918,0.7399989764477378
2021-09-23,-0.9991560474733476,-1.5539888056113516,2.667407657395962,-1.4374652472459055,-0.07518867099045866,0.11430353773066466,-0.32530184073837737,0.8481964747816148
2021-09-24,-0.0910442245922087,-0.04976147928566955,0.44234691533817927,1.4103684529166212,0.2887674104807366,-0.030395119325406582,-0.09989838601591956,0.5545827248763239
2021-09-27,-0.13801881155103718,-4.45502847920912,0.7399053045028463,0.8256464161663973,0.17713392215503387,-0.6371917603921433,-0.129219194728144,-0.3964260239167503
2021-09-28,-0.40318573551278053,-3.3004326858178668,0.6763943571535324,-0.7279679830744451,-0.7825703759634587,-0.5837803323472309,0.21848847445513842,0.738061546756416
2021-09-29,-2.5098508007285987,1.261851026336998,-1.384583160553273,-0.5049343918208837,-1.128202657596202,-0.5093598886184686,-0.18298183282643213,0.6544671876724123
2021-09-30,3.6224649620021774,1.19629397140563,0.6452517379159792,-0.44399913032604094,-0.7221076809389139,-0.44815096409194494,1.9544687091797193,-0.9924911194693089
2021-10-01,-2.250018513302065,-1.3510121351125082,1.701543922007159,-1.4933425528441282,-1.614991632092059,-0.6057949378944262,0.6254850545662843,2.304689514498937
2021-10-04,-1.385956819789018,-2.3871125424236515,-0.6245666871639393,-0.700025500063929,0.5125790364801683,-0.5756500463050497,-0.5715219248687536,-0.5520290226558662
2021-10-05,0.8481651399248721,0.9995830553053705,-0.1370914012698938,0.5507422163969051,0.5906710377676074,-0.3839024551815357,-1.331450445690066,-0.024934914395653155
2021-10-06,-0.15219718653727135,1.9396797105019261,-0.24479182403149755,2.3048839521903646,0.11607577333246694,0.30542300901014074,0.22460449164772245,-0.19368861172118135
2021-10-07,-1.2814543350202645,0.15504852475850536,-1.257675791207169,-0.31191093588911467,-0.3775561537542802,0.7171968923877969,-0.048937323980595346,0.4946088053583069
2021-10-08,0.06868976141714392,-0.6447365753855362,0.5442650819347826,-0.527095278020819,0.8483928461941775,-0.2256039185579314,-0.9028310542710273,2.1739014988084935
2021-10-11,0.9589679449190717,1.3345077313938385,-0.8498624458269749,-0.08309849330428563,1.1684516229659265,0.8931573663634181,-1.3020576112857145,0.08709890373327203
2021-10-12,0.9650873195566096,1.4795493220939946,1.6985598222965208,0.5791228155648929,0.6274800620801448,-0.009309734906483763,-0.44142485580783974,-0.5836990401618132
2021-10-13,1.0632747701254146,1.6691470324992344,-0.5024186293044831,-0.9754561035345092,0.8135187252140826,-0.5303136939395868,0.14600363176809092,-0.07112472548297183
2021-10-14,-0.8201526780408002,-0.2306503311853252,-0.4268994386123422,-0.1073615111877635,1.3761532270283756,0.5428415347441213,-0.03964341975586706,-1.1087969960913162
2021-10-15,-0.14301361192522843,-1.172830561685786,1.2658347994119363,0.19850868982561987,-0.9930124040112386,0.7542537973246788,0.37701701130302934,-0.319879792326038
2021-10-18,3.539256316694923,1.6744076390322855,0.670202847500144,0.988585453450488,0.7766801964748596,0.34097145815175334,-0.4009511023245938,0.19025519651071982
2021-10-19,-1.5280875537310703,0.1528508206345492,-0.9141032599067966,-1.2779934914341815,0.1529999136018539,-0.5964087818606606,0.6842513465207006,-0.024690125481831547
2021-10-20,-2.0332828415795277,-1.701490921352438,-2.3463166635757093,-0.9085951434289823,-0.2520589634987344,-0.822377145316284,-0.30344344404464496,-0.022615260280094127
2021-10-21,2.606852847888757,2.1999335415301666,-0.9498237951519514,1.5403769488578964,-0.8659197125647274,-0.3691029471187128,1.5373627348497763,-1.4577396153792417
2021-10-22,-2.260538075199948,0.4202071087759532,0.9948801435380354,-1.0416752399097626,1.2251331553713567,1.5476870015008077,-0.9876255552835362,0.06343573776936635
2021-10-25,1.2696787716280973,-0.2762761030837819,-0.07669037597490458,0.962040756836112,0.7085086937206808,-0.04430590521909811,0.8896701941472608,-0.1855079658044237
2021-10-26,-0.4096775083307701,0.43796137768016263,-0.9552882529097106,-1.309825302756296,-0.4073729851849838,-0.019314061843625302,-0.4856337532642524,0.530289233750859
2021-10-27,2.386420237888832,3.513872478699297,-2.1499085637336384,0.4993224776697979,0.6152275682052539,-2.070375173319651,-3.158164059291443,-1.4431212228976138
2021-10-28,-0.5022234118218066,-0.6925997626942164,-2.212731471421328,-0.8458693376686528,-0.8448205993397342,-1.3174580490380492,-0.9448268270561716,0.05964689819720258
2021-10-29,-0.1326029108883168,1.676305968568814,-0.17864309537839587,-1.7302649554811296,-1.186688211355482,-0.14379644313929874,0.7065378168538821,0.7324241005956514
2021-11-01,0.2585183089480678,-2.0180357659406347,-0.9045455295423902,0.7289845116533483,0.37696386561342793,0.20835620502045588,1.886954065019922,-0.4620357050508842
2021-11-02,-1.0786095901031962,0.5040566724186285,-2.8631394822214844,-2.4617059745176766,-0.18973305336315788,-0.07143175775210403,-1.1295337717955494,0.10978114281152103
2021-11-03,0.6312606337551354,1.5129327740391185,-1.492136140955525,0.4745836596536456,-0.3130705763292203,-0.4984302520643752,0.03874038799133028,-0.40679324429392894
2021-11-04,3.1434099816635652,1.8754625599407129,-1.48628297886546,0.10906219597079725,1.668293477328909,1.7405152665758115,2.3977932106985236,-0.14622058383114397
2021-11-05,-0.3171957988565003,-1.9808744921312484,1.5655080752499233,1.4218158115201869,0.7206536749970683,1.3592003940392112,2.4949255709300675,-0.08502453698743877
2021-11-08,2.0298239418169994,-2.271188635878649,1.5181821788306316,-1.8474690403430307,-0.3436498629780954,1.83291152379962,1.2240706396532062,0.1598970233317253
2021-11-09,-0.3339832215888353,1.2225240173728276,-0.9389709743888862,0.5873692811770851,1.3482657836080407,-1.212552740007027,-1.153066794765547,-0.24964476563541688
2021-11-10,-4.560097873732754,-0.16878950034053444,-0.37440403473255307,0.12262513559131863,-2.840101237096772,1.0418194418065367,0.9553530399876082,0.7774745340404701
2021-11-11,2.1972051804505854,0.21432535341392217,-1.5042525346936453,-1.5385671587161789,1.1299495598919544,0.5928946638469014,0.12903443486201543,0.2577772352443673
2021-11-12,1.3748417324364663,2.3780701608378583,0.7727711667164848,0.4069972972517457,-0.6433406125258105,-0.23463294748065663,1.0073765458427884,0.09638890672611618
2021-11-15,0.2509366115619929,0.21192044256226727,0.2068343876935523,0.7410194520290536,1.2249238627489158,-0.5382503328028134,0.018524917567513958,0.5593293195371513
2021-11-16,2.2435098266194347,1.5366287320189396,1.1035181557286904,-1.1016822818796654,0.8551832705130723,2.475170218993235,1.6978372234963541,-2.326986441749568
2021-11-17,0.6247012496685138,0.7066167919828878,-2.200863484817317,-0.8853933903788987,0.431271887995193,-1.54862985259326,-0.3171753534980196,-2.2786727417044843
2021-11-18,3.352437828971135,1.0349412386165067,-2.7809078261177618,0.9899964340044374,-1.165657788651597,-0.023382646122619418,0.99296562439341,-1.9389642729657428
2021-11-19,3.125887258366427,3.4877637679779667,-0.028547686302036978,-0.12807231286090354,0.4549266907557544,0.8414691349386564,-0.007654616888080139,-2.1088744605233978
2021-11-22,-2.5005889420017677,-3.3122392099776037,-1.6257767319011247,1.2583436640679333,1.7985527495547755,-1.1350526439304325,-3.2793397932819612,-0.008397667022938766
2021-11-23,-3.950522934226144,-1.8859860755862357,-0.24313437515751474,0.41532132509709424,-0.028073475339784288,-0.15157080788688182,0.5294256452052698,1.4985232636189056
2021-11-24,1.2167908853592635,0.1448391975649902,1.1698407970859972,0.48305167616739453,0.24605469027225502,1.2374762383736992,1.0291644353081142,1.098258449748784
2021-11-26,1.9837929563011418,1.7660063410385787,-0.23055039256182736,-2.347199311691044,-0.8582078326603733,0.05797533094793741,0.22611520575792862,-1.3700029318471596
2021-11-29,3.158970186868423,2.992504920825019,0.07320401950834815,-0.8487774922993213,3.7207671170535432,1.2558637057447488,0.12155829040784717,-1.803120579693623
2021-11-30,3.1721147119032813,-1.7935097929478727,0.014176368095772097,-0.5830072030968528,-1.2555763164695233,1.086463415177194,2.2978347340733447,-0.23186096201748982
2021-12-01,-3.0376131564852282,-0.5777649352080529,-2.3781497055453484,-1.3009774013245952,-0.177118992957999,1.0958679138224177,0.0109570869136587,-0.05073090151143656
2021-12-02,-2.165223814301566,-2.006312516943313,3.731762839263836,1.4831270680247461,0.7485147626240292,0.6675049802092546,1.052803550322621,-0.646483618760706
2021-12-03,-5.019491681719162,-0.03851809805187968,-3.787980939435637,0.8871076449527021,0.47483606768204234,0.48332568602786746,0.2861154455795053,0.38266390160496633
2021-12-06,-3.843674170465237,-0.27662240974595553,-0.17884760271779646,3.6135713519922463,-0.10136191421337083,-0.9508676673545782,-0.0396766259003611,1.6163034427717209
2021-12-07,3.4687124766708117,0.8664779355908397,0.8026919796387941,-1.0420073804549266,1.167419507310011,1.5121509756318194,0.3858135822335772,1.4428128008411805
2021-12-08,0.031063645881596397,0.676351513871426,0.5824317330267272,-0.9893319076348459,-2.0707863420353316,-0.462410099818042,1.7537493515413167,0.06188902697867446
2021-12-09,-3.075097488372769,-0.7298643894589997,-0.04361349272675316,0.08995673985106982,-0.6791018992264163,0.49535812885308605,-0.5199315871803343,1.1523887301836757
2021-12-10,-0.7156519601228715,2.925565261673543,-1.7682089708494122,0.33184857199639994,4.761754201269225,1.872057508832234,-3.8518119123180647,3.8202303573513468
2021-12-13,-4.212954598137057,2.8908515824659227,-1.9068886525839168,-0.5758691392231158,-1.1814132368336634,-0.4584859161183003,-0.12898627166932944,0.3618661195558941
2021-12-14,-2.7052416721745276,-3.69721600761935,-2.1151114045219175,1.1127491472028486,-1.7727168927215975,-0.8157150301930569,0.4882663618845766,0.2685824608734878
2021-12-15,0.4417620696274942,2.589642605749289,-4.575027782307796,-3.0671090586184944,-1.1904531987892242,0.8452312401293539,0.1375795211768189,1.8896278653549252
2021-12-16,-7.588094704319647,-3.0438859563466756,1.8215507780382636,-2.132677455818521,-2.1886630146695785,1.049635332348151,-1.569400507580739,0.699060981060798
2021-12-17,4.571120840869623,0.09548602439372644,1.4442261164809511,-0.06986848117298948,-0.23873429007672137,0.5464375330067148,2.1519552824223656,-0.5613289093625566
2021-12-20,-0.37980349879921876,0.8767045838495695,-2.718114851975254,0.1373443898525983,0.3575749598728944,-0.38079633140022406,1.0998857003939573,-0.5447086683286456
2021-12-21,1.955422457862674,-1.2236544759431753,2.909531890618361,1.6108082263660386,0.007510502412297574,0.03464220722783338,0.7733112144729926,0.6711284682507361
2021-12-22,-0.7540165775822314,0.561170684344789,-0.31048381510478523,-0.08234520533393482,-0.009729412899989935,-0.06331111991691067,0.7645208632837344,-0.07367934630890496
2021-12-23,0.4516477881049659,-0.7858390005891911,-0.5129468094462936,0.24172132751987851,-0.032527343684008,-0.15996438307270333,0.11561027176420706,-0.387871964977654
2021-12-27,-0.2816895433619962,1.0104963641933544,-1.5191489459417606,-0.7044935217939081,1.5414445803651302,0.03799581994729413,0.19364583623527648,0.01974880667308314
2021-12-28,-1.4362734928190724,-0.4910066675797116,-0.029635094867183437,1.7335311635492328,0.06249608567166715,-0.18385688819809112,-0.5777946539251729,-0.15680701978375178
2021-12-29,-1.3860157741064316,0.389805410085616,-0.8571465678977634,0.061444402820135434,-0.12038598987351253,0.6573093509057709,-0.24206704398879544,-0.3438971878826102
2021-12-30,-0.47465270888568883,-0.009511501706092872,0.6726287240387402,-0.36058734114720264,-1.0663026892700287,-0.5545176084306553,-0.144436494546589,-0.24910585002187352
2021-12-31,-1.3656460698254613,0.0468646243107593,-0.4745233457755786,0.7086198839750154,1.3871598820448112,1.0093862918654508,-0.31753882997760263,-0.5778480518675726
2022-01-03,1.479568991717572,-3.70171275930685,1.2159262656804308,2.514077891357197,0.05771729883251122,-1.800790920999377,1.821734829988827,1.5339002135254707
2022-01-04,-2.840713902510583,-5.739974917984391,1.9531284408553673,2.09922005933124,0.7255794866593117,0.7901062114729153,-0.5834853620601776,0.4269453858461294
2022-01-05,-5.528432706512919,-2.9035682967805174,-1.473665850745576,0.3576924126460706,-0.5197134644559338,0.6813935808091948,1.2455732079161725,0.241348243590282
2022-01-06,0.5947096783494726,-2.777416476769361,0.24756080850796058,1.4771953474346307,-0.262537009179301,-1.8946532000731082,-0.20667480675684657,0.24585857469769243
2022-01-07,-2.4885131576675716,-2.4969565846247153,0.8475725076172915,-0.09854436251832509,-1.794165418209692,-2.7447594506806294,-1.615547728251503,2.06144199004962
2022-01-10,0.6964126022692021,0.07396773819015283,-1.0427489878042164,-3.62474571160542,-0.42369554142069776,-1.1445588130590878,0.43171319718498813,-0.3743800944894342
2022-01-11,1.7351942507536142,-0.8886164176034146,0.9459857732658989,-0.2933932621746481,0.5650516343130572,-1.712957610159536,1.7796153666503014,0.2486849852187205
2022-01-12,0.6255897127304688,0.144690440594622,0.5978810528444843,0.3236956670964798,0.255651303390727,1.232982329074168,0.20169573465756402,-0.5868226180142453
2022-01-13,-2.686468043157806,-3.11333483274715,-0.0057417544125075645,2.7698933811315882,0.5387066591633114,0.34940654244534414,-0.15400096753162817,0.4959761042453771
2022-01-14,1.494409057829364,0.6456843062382622,-1.4310141365588116,-0.8526103341116232,0.5778581350688008,-2.275569189145566,3.212273112800236,2.4198843509227093
2022-01-18,-0.424451933089434,-0.42603348417871134,1.2268146054686153,-1.7941508456630384,-0.9364989633498707,-0.3699644479248542,1.7481079961338155,0.720055593704305
2022-01-19,-1.3885490323355179,3.0819284076125393,0.43553457780853744,1.2507300152571508,0.3693873688313063,-0.8583556567757203,-0.35931228766917916,-0.03499495302394801
2022-01-20,-0.6321974396477754,0.8288653152148932,1.885112031571571,-0.38433199895521714,-0.5142488728681895,0.15372204455969157,0.8241853818004452,0.9716906488998118
2022-01-21,-2.031809087748166,-0.29682209915496044,-2.8935735238973805,-0.9979131208140152,2.5623287792603944,4.036648724867889,-0.6367784310386616,-0.5997229443439295
2022-01-24,2.7697250511575167,0.4810450980546671,0.5614044850108248,-0.16342802798229908,2.091778517358739,0.3024490581407321,-0.8753788755602963,-2.6432971427759755
2022-01-25,-4.029966256736591,-4.3515157126201665,0.7339724837063755,-3.1245775556521918,0.733722926130315,-1.558177332097879,0.45234503188315683,0.8812791833624306
2022-01-26,1.7131424920419247,-0.7919289513474606,-0.2926763873460935,0.28547749496378666,-0.793746010664165,1.2946807574171053,1.7105823090856271,1.480065834371723
2022-01-27,-2.6273354090539285,2.0038352819373086,1.7136442842818298,-0.4023208144216079,-1.3523014897001848,-2.7768342258357346,0.14429657137271773,1.3749884710884692
2022-01-28,-1.560693563646086,4.630445537837655,1.0395992431023542,2.3725258474521227,-2.5482222696068058,2.3707266136783702,2.8893827455617576,1.179236931446222
2022-01-31,4.465947442476999,1.7282458542579529,0.2492270420660611,1.4437957035952174,0.9238366532603312,-1.219461738855645,0.48405905523714265,-1.2476963647962493
2022-02-01,0.3939976589686812,-2.530302029611441,1.7348245349226266,-0.4099628976930269,-0.34919006066003655,-1.4056977431094737,1.0390800320431783,0.7839999419726744
2022-02-02,-1.0716864203687246,0.6251685150123951,-3.464828199346482,0.04840439979594294,0.7126596619230219,1.7216678451898357,0.5036443022510334,0.7409300124609455
2022-02-03,-4.666010103589473,-1.4956303007721832,-0.6814475562202633,0.40120282676161073,2.388338446154759,3.0061251997114424,-1.2569041446860496,1.1139380836516153
2022-02-04,4.870893588469884,-1.0369575867741108,2.970975238444586,-0.5402467609432288,-1.5001306020172305,-4.090954210120461,-1.9849465119433918,-0.6221984836761217
2022-02-07,-0.9649237167590207,-2.19629597660497,0.07571249936183844,-0.8552978003907182,0.6327046004353518,-0.5588664424589638,0.29572460719963134,0.3396073328526642
2022-02-08,0.33121086443741443,-0.34682623201076734,-1.7966176309741393,0.13843485003332867,-0.6639870511203255,0.5170373780780971,0.17074774564080636,-1.5084592665966363
2022-02-09,2.97409936168791,0.694539100804815,1.5495670372568189,-0.6119867007900999,0.7744993963613654,0.8027928607677246,-0.11542233505965566,-0.10696534303226765
2022-02-10,-0.11352717104956461,-2.2921807779812684,1.6515249982165536,2.0382640343735092,-1.7646921011217747,-0.8308739074301942,-0.014921177503685162,-0.05995008712215022
2022-02-11,-2.590226000887542,-1.695843580313421,0.7399325225292385,0.4393663210588741,0.10072789023511668,-1.8704262428545066,0.17380795137069335,1.963210036598855
2022-02-14,2.1187896842590597,0.6886276648608725,-0.09645106876851214,1.6166191775876781,-1.269916052736131,0.07457069382002475,1.261767021232535,0.06934792819434256
2022-02-15,1.9772939710014186,-0.8215259641308011,-1.3183770394816903,0.20152299914717514,-0.8340907907979943,1.175373083601143,0.526559975384072,0.5136321695163987
2022-02-16,-0.6167614958049669,-0.3216329626728341,0.35032327894314647,0.4450055495971382,-0.08858884968739758,-0.00266126919845011,0.4129945784155681,0.07524241314554424
2022-02-17,-3.1734111432817387,1.0279772106184109,-2.7805654096617376,3.7942194599519268,2.293681984503623,-0.34840598606119044,-0.27179187385447195,1.317342207394388
2022-02-18,-0.5883521964925557,-0.5743398401901567,-0.8859833580382175,0.7001128683771263,1.2943018170934144,0.6535061473941707,0.7323039242325776,-0.19157860400866789
2022-02-22,1.4658829719961797,-0.24973675819912738,1.616615231846447,-1.6148489584756884,-0.6836173218853878,0.2642614191842867,0.7766895092850065,1.7346446267102638
2022-02-23,-0.39579878386028794,-0.755762651857853,0.09309112408737552,-1.8057545354235198,-0.295446096605375,-0.7241734613849611,1.2559876375489762,0.7152666611644577
2022-02-24,9.363038008656002,4.290201569111931,3.1934434865358403,-1.5779193556724542,0.08744400527988143,-0.6741224649999739,0.6446254451180171,-1.3325544377352838
2022-02-25,-7.409913454575449,-1.3113772360080982,-4.44752544550396,-0.6339433495665597,-0.08197389150746692,-1.7531074578492252,-0.9111244042803814,1.4362139917579713
2022-02-28,4.33285569714504,-0.6184550966821134,0.009683301798167038,-0.9273114041569034,0.4819037803567295,-1.8564508563684492,1.5172703689354161,0.1310966167965711
2022-03-01,0.019730165638972973,2.1778871906332338,0.2244789711734624,-1.2026923603097839,2.039741251478374,-2.2754353383885806,-1.274379150710062,-0.3962734454266002
2022-03-02,-1.41460444309156,-2.1447997413609183,-1.3427591438325424,-2.5638268791611227,1.0742537905951615,0.47772762408157965,-1.1409878076342448,-0.21081273160412867
2022-03-03,-3.2713024727930864,-0.9615475673389315,-1.3034649612029232,-0.779801127494314,0.6474428109960821,-0.6038518017212238,-0.7828185357382245,0.8900975124698361
2022-03-04,-1.6837106472780545,0.6954991858406858,-2.7241137535187305,-1.8196364059930552,2.558289035905524,-1.4462929673278662,-0.23738649724202252,0.506348168633296
2022-03-07,0.01666031770163806,-1.387195349858558,-1.117237532135496,-3.4128373178122047,1.7539039796646632,-2.247181973358696,0.5178368051438479,0.5764965365660403
2022-03-08,4.381576999321179,-5.095751146447402,3.2118625076619827,-1.3403303922102758,0.41434386789194144,0.2425516869896217,1.9815035001800143,0.411898094166539
2022-03-09,1.9549914271248254,0.8289715011993876,0.9654913166950047,0.1279588907719309,-3.329907033371618,3.028057153911566,-0.5825702946029616,-0.01873058912521706
2022-03-10,0.8998066165071842,-1.6645550699640177,0.6370103185546979,-0.5665038788158958,-0.1853412574438786,-2.54783683536109,-0.6408316965769691,0.7140192563881977
2022-03-11,-1.7912189176299849,-1.2954546635865316,0.04685341434147201,-1.0114661329763552,-0.34259736939380947,1.3030339398147983,-0.5505290304520983,0.4447270397243542
2022-03-14,-5.595707995222517,0.10878548650439032,-0.9581613550398098,0.8867375053616315,-2.7487829221732385,1.9611427801810573,-1.5318376320544724,0.6268506786128696
2022-03-15,-0.766901466452632,3.861323792331464,-3.339364449234941,2.187400766661024,-1.607344009320491,2.6782191867745047,-1.5946415966846559,-0.6611243711956332
2022-03-16,2.603095731427521,0.11817431370005883,2.2204452642762873,0.8766941347573265,-1.384841284029149,0.296577674729598,1.012210450050824,-1.6333796191716092
2022-03-17,-1.8744970489120574,-0.5686565283680567,-0.4453196787126936,-0.9162163911753325,-1.0585040150781264,-1.7189667919322256,-0.05776077335166003,-0.24381899715914865
2022-03-18,1.8978139244358578,2.1082655593476334,0.31554660627405307,0.1884006011979745,-0.37395278817763034,-0.06722203471453922,0.490959673179339,-0.05751308288834218
2022-03-21,-0.41441961346876605,-2.2739856563166847,-0.5937853976217236,-1.1422872342218602,0.7615274298378292,-1.7097357036316525,1.501836612531164,1.3686740860687918
2022-03-22,1.4001696285780052,0.6934703456186921,1.323523980233111,1.8611341528487608,-0.1071288439845848,-0.44514366842952047,-0.4410309214283043,-1.0530346061324536
2022-03-23,0.6033596755876939,-1.722188761515836,-0.6614416080151893,0.6056757806336116,-0.4527468398991601,-1.5342218795033649,1.3197742040147984,1.6530504528562562
2022-03-24,0.7182202261166083,0.2876459451173659,-1.6368414898544819,-0.14099774120354072,0.3551284265877414,1.0328364901932687,1.3560265498045507,1.1508263900131905
2022-03-25,-2.4606733133418297,-1.2649559354601418,-0.0007098268840619541,-0.05331804069275964,0.14069092997623447,-1.0200837076772102,-0.10469796978298525,0.7808123673928109
2022-03-28,1.040204803427244,3.4792138846345346,-0.49605933438976557,0.22978294514893205,-0.19082891452649206,0.47839662528055577,-0.6208903235185362,-0.684811256365898
2022-03-29,0.11991015331121653,1.9359880883188285,0.7847779150408348,1.727474297027907,0.0883219056138956,1.6508388815872463,1.234973235554117,-0.15583461573044594
2022-03-30,-2.676164468632494,-0.5280095233530832,-0.9193942948090121,-0.21427060410482862,0.16742629853711105,-1.4104008107500074,-1.2671491446066248,1.6853113030699274
2022-03-31,1.2835400881291525,1.8538866375294487,0.2778820893498387,-0.5981311789292947,1.0146981288002448,0.559173305415988,0.5612449232018406,0.7645483811428414
2022-04-01,-3.026238253196608,1.6472191689008007,-0.3311351962871048,1.396977738040518,-0.5412814729207619,-0.8989387189934471,0.15297820094357356,0.980806279206354
2022-04-04,4.201779090811653,1.3499391144852442,1.2462987304421387,-0.10471074124207357,0.0932927454367011,-0.8381421431650219,0.29899278935818696,-0.8907129442591768
2022-04-05,-3.248577459653303,1.2124630979675604,-0.4310554593403333,0.31884341348094386,-0.8161877543600956,-0.05632653901838569,-0.5682476316380445,0.4674094590252997
2022-04-06,-6.8256772849486875,0.33828288951186375,-4.469940379905474,-1.5724452067340113,0.3009159729285074,-1.135278014427886,-1.168643012595578,0.984302937444064
2022-04-07,-2.2181837640604227,1.362472589423854,-2.3125832069176226,-1.48641661859288,0.4984184952308384,-0.15659004398488197,-0.3032337200203598,-0.11100207783270337
2022-04-08,-3.721216255707283,-2.0903513848358997,0.666689953053345,0.44150071512960704,-0.8323464741134892,-0.618317114403309,-0.49880146744984927,-0.24380268621168755
2022-04-11,-0.06710746573822322,-1.2855593504179377,1.2080955829985698,1.9359404451669149,-0.5655458076730757,1.4820596056390558,0.15785818200262955,-1.4670598137310662
2022-04-12,0.635167495385426,-1.1841663580987507,-0.12851526174002253,0.9468648048933572,1.5670284404908383,-1.0427614849791005,1.091988825968698,-0.18589637080687615
2022-04-13,1.941225256371532,1.0721009043585217,-0.7955969612875742,1.8625302864636963,1.649688125858034,-0.49418251763502985,1.2636777770579717,0.1115018949805267
2022-04-14,-2.52511932110903,-1.6872053507163849,-0.07411434086849263,-0.6128986120245439,-0.24082512911610984,0.30204150236181226,0.6183641351476282,1.3909327499804909
2022-04-18,2.641098774590421,-2.346612179790618,1.5039226624833388,0.1766036529750415,0.3629788299367576,0.6169356325264579,0.5342678584301848,-0.1411788935361572
2022-04-19,-0.1593791016676893,1.1757520252622347,0.34141529347407407,2.5658856220550748,0.5575303203250096,0.06841299053728807,-1.6770991854777864,-1.4748427047576382
2022-04-20,-5.487728446276957,-1.0998984690278,-2.2917136908911746,-2.042525158354845,3.567887818233162,6.201822605191591,-2.766787215414261,1.5212900960463251
2022-04-21,-1.6626574046156837,-0.12814057884977784,-0.7647729576852127,0.8920197066066107,-0.3691165750919835,2.148683682368223,-0.15654661893331767,0.5925674137556428
2022-04-22,3.4903384918052858,0.9687568957053517,0.4999375949289298,0.4318342067923082,-0.08613938670290447,0.18088441976625638,1.105602157721238,-0.5527272602067269
2022-04-25,-0.3814747659504765,1.6626088451293664,-1.177325997022627,0.23159723095109758,-1.4571580048409405,0.7170798816927868,-0.4651552019513297,-0.316701057078074
2022-04-26,-0.7219847690289152,0.4513671686637351,-0.06238635107922015,-0.6807968959860007,0.8461901917981066,-1.1885008788384,0.6386986736630259,0.05098034580909938
2022-04-27,-0.7173673767242144,0.782438958610816,2.219463099039123,-0.3981005323160827,-0.3037002675492515,2.1003110248361856,2.826668402518077,1.6349292792865107
2022-04-28,1.5983653794388537,2.678041510724541,-0.5983566909642862,-0.7041119662751032,0.07160530984502761,0.2797818355481028,1.2800751401187063,1.559095059831435
2022-04-29,2.1170334553175283,-1.2331193917820118,1.3599528567245556,-0.5128243819974462,-0.9269987814346035,2.294066378965906,0.9381803720828519,-0.7688666029171014
2022-05-02,5.346609783290727,-1.8870953614499284,1.2308599008477217,-0.9298328982495793,1.266539026856224,-0.8090465693109464,0.4212579715969543,-1.1603924387018878
2022-05-03,0.26197659137300144,-2.3799289286169585,0.5250697434599619,-0.6537966859237129,-0.1998926581107056,-1.4503683887630439,-0.24916451459418051,-0.2192227715129567
2022-05-04,-2.3339404035227767,-1.001323058730413,-0.8377158596620702,0.3959587608815962,1.7508688191140203,-0.7380199595015234,-0.6166074070424539,0.2673114517437282
2022-05-05,-0.4862730192080867,-2.0817784480080728,-0.26434244011690144,-1.0425297495690922,-0.9111949262269772,0.3431848701687251,0.29202381969386143,0.883881362940486
2022-05-06,-1.0998103934220738,-1.4666831396013544,-0.8109265449348939,-1.8552768701684041,-0.16167203160697133,-0.4593626011707617,0.4970468731590985,0.8235086997224336
2022-05-09,-1.7236953085916724,2.1130433219217313,-2.9361612845356118,2.237025075616436,-0.05542454413218372,0.8013680373943852,-2.3268212434257824,-2.12034081438166
2022-05-10,2.9724647465380136,1.341396010555204,-0.45549283099812915,-1.6513334540433042,0.16830157429955606,-1.1466399979507675,2.257085550587692,0.07436368531439333
2022-05-11,-3.4091836841203786,-2.5040394910049297,1.0424418195611713,-0.9108490300888565,-0.43820808231232955,0.43803993719342715,0.6505005415736634,2.1778561911130496
2022-05-12,-1.2813807813870275,0.4397258338753062,-0.7779021885817804,-1.838857947047474,-0.8801399068082134,-0.9072131295332189,0.0260207889540223,-1.8559668167174486
2022-05-13,2.0238862350660596,1.1401355784541776,0.5196316731875439,1.3805026392362454,1.4053333035260513,-0.31408849240133085,1.0811438532699258,0.3043533948545682
2022-05-16,-3.0181166804418393,-0.5666933669353864,-1.319240824147531,-1.479385768806656,0.08625136982022476,-1.3643986841169145,0.4144557932931792,0.8821413046636314
2022-05-17,2.730403774503535,-3.809295044753868,2.0183203494237563,-3.22400231414735,-1.8723087679211265,2.0252797235690485,2.1997252162657777,-1.3156739736216785
2022-05-18,4.02484347324254,-3.6024199733716147,5.054309536286347,-3.8374835153216638,-4.913021924687572,0.8027099015658649,3.039750482896351,-0.7278212489729311
2022-05-19,2.572532282352116,0.770033987112774,2.3016483174266957,-1.3596040171951467,-3.3083914731000896,0.03768809842776108,2.104403454104021,-3.4795619638165824
2022-05-20,-2.7347824120674225,2.66913925910633,-0.28370403741009864,-1.7110880176290646,-0.3079672001313817,0.07266228272576292,0.18353393101698207,0.8203091731454929
2022-05-23,-3.8294940292321864,-1.2384242371622995,1.6974576591319719,2.888056500146476,0.3009517708022591,-1.011528948637255,-1.4850841951574525,0.7271604225695063
2022-05-24,-5.492946912997111,-0.11542627312363109,-2.513245184844504,0.18996892205046956,2.16888076771568,0.7695872266504606,-2.1644204885246876,0.7882435404208591
2022-05-25,1.825912660006334,-0.49236998377667557,1.1054242004617707,-0.25403188116409325,1.0994727182992088,-1.4831586829007526,0.4672904199457985,-0.32409481042611715
2022-05-26,1.3177401811065594,0.1336779003241351,0.05422445087623759,1.588222868156919,1.422900077131081,1.0957463250666701,-1.360777504284215,-0.7377950894312816
2022-05-27,0.7851462359479298,0.7208607497312203,-0.427053337931945,-0.498690441441816,-0.17102893875064457,0.7361783888142364,-0.03307306104298734,-0.646914258518625
2022-05-31,2.938150969476608,-1.2859013623333628,0.6965722558829126,1.8538147486637189,-1.4451794932946869,-0.4156375285606321,0.422143237618687,-0.858769956190433
2022-06-01,2.3325591671015125,-0.013697659839951143,2.3873491592900984,-1.5602519708876688,1.3309778510939072,-1.6780155919705155,0.3496864601582173,0.47463741459225
2022-06-02,1.7578744064589162,2.2091022028123772,1.1411567089094512,1.8632718101813395,1.7317522188363106,1.2128130938961,-0.3569884077336681,-1.0599389393646943
2022-06-03,-1.165912729838737,-1.3804812159337407,0.8275711814991034,-1.6927777299917166,0.09965972621059975,0.2174280549001666,-0.252774659077414,0.5949107669878585
2022-06-06,0.47894054384085516,0.19925759966601891,0.5532083374028871,0.4447602514530946,-0.723195872226599,0.05258312268050878,-1.111445355742957,1.2064566377703894
2022-06-07,-1.126160585818837,-0.4734989788708787,-0.09956710642802757,-1.783830965805315,0.13021184953219486,-0.8846515657954097,1.0265319691889787,0.7491251898870277
2022-06-08,1.4947848532443953,0.09647698328780945,1.2439648859307204,-0.1804852266689627,-0.3894885769710238,-1.7560653503472057,0.673717960549923,0.0680987641268295
2022-06-09,2.625375745347471,1.273640830104024,0.42062904049894045,0.6408123842906585,1.736001664905584,1.4412582278261732,-0.552473101469598,-1.4539612905808468
2022-06-10,-0.15869986808840533,0.857009482955668,-1.5006407910801738,0.8914121962456523,1.3235008426662032,0.529718071427536,0.3115095242698947,0.3816809472413354
2022-06-13,0.833535916508393,0.9593503395675528,-0.09655870342830876,1.1103398889868967,0.43739301025626154,2.267392998853134,-0.44617491985212093,-1.0832350366022927
2022-06-14,3.691697074958354,-0.3746848177514561,0.9096565645867715,-1.2486089036619987,0.5795136735591255,0.7103270702302295,-0.9614915228623989,2.5004338955074275
2022-06-15,1.6269869350446187,1.309373461366844,0.47192359596830646,0.3879674278341962,-1.6197310013164128,-0.5084298111275964,-0.10856730308353015,-0.8320079285084659
2022-06-16,-0.9445206071127512,2.3480099289835343,-0.9221728594627129,0.8366870294155448,-1.0294723970422748,0.6367526374589102,-2.616499986024165,0.2750052105268439
2022-06-17,1.8790358057125107,1.9568243353681591,0.6099044363273861,0.8952488322991242,-2.629135971431039,1.0500784935692389,-0.2665043270837508,-1.333081869195721
2022-06-21,-4.0674710304315695,-0.5614220742753123,-2.92618226589325,-1.4259526228135406,1.1376421221803852,-1.4335598207550189,0.8876876395124443,2.413969627463365
2022-06-22,-1.7273815809243984,3.7747575073507686,-1.2426195572878407,-0.6526397112002194,-3.121289792772219,0.44310024879197657,0.11353833985809039,-1.4742094967983614
2022-06-23,-1.807335179901492,5.754142828598202,-1.8814970610508317,0.032522249480757964,-2.2810930078767955,-0.04126788290832042,-1.4078792784083412,-0.3677066299251868
2022-06-24,-0.7616959936769236,-0.3334362730033464,0.7655238443228345,-0.3235701762733531,-0.8288118222048433,-0.36357291630770266,-0.36445733910416744,0.7795013963817045
2022-06-27,-0.7994459451207137,-1.6856358679672663,-0.8052719116142392,-0.7377297398453105,0.4057747659203644,-0.779777095245532,0.5387593890759579,0.3813270896092508
2022-06-28,0.6074786735928387,-3.446922173178021,0.9677860372460153,-0.5490104752810674,1.9484823588656615,0.23942176449653832,1.0264117842826643,-0.06261878169892172
2022-06-29,-1.0933567508317314,3.039981560695216,-0.7940806330682988,0.9171723878710137,-1.7516243601943091,0.06035625878782786,-0.19436897957648386,-0.2923969655072426
2022-06-30,-0.647978342013501,1.583860372437169,-1.2716138436461712,-0.08469090049565695,0.20827564407408566,1.538772654521734,-0.9465170129479366,-0.6825714158089707
2022-07-01,-3.3790270010911914,1.1698797687473894,0.9011702249005227,1.6330976196575389,-0.4690290342578559,-2.289080480059244,-1.4724821594653272,-0.2102074159619664
2022-07-05,4.229753064879293,2.682362562486116,-0.04517116178000631,1.3263481836823683,-2.011488040153076,-1.405986079246923,-0.0010932438144908312,-0.8379113189280233
2022-07-06,0.5901447722669405,1.7502561568562565,-0.8553845694905244,-0.5063234434127375,-0.1830402869610752,1.1984263088779952,-0.0071887898158654595,-0.22313721266954134
2022-07-07,1.764036647445516,-2.734742083033778,0.5308213265965062,-0.3105427744377709,0.8716142392132975,-0.3615148771131287,0.5629593368784694,-0.6737288678267372
2022-07-08,0.0025418000602975984,0.14533462875373288,-0.7206249179862209,0.1979676352307227,0.19405730769322793,0.4122837281785747,0.2412859034768135,0.12936538957358748
2022-07-11,-2.0048265432492034,0.9277712504955541,0.26535339455800044,-0.7625599185372118,-0.2657942324938324,1.703071776779856,-0.1682825273381511,0.8692692811995854
2022-07-12,0.7713582546578668,-2.0486196785457613,0.06661718301252711,2.4131621489710913,0.030367725903644796,0.7197091573396067,0.9856402498491642,-0.8120855723813148
2022-07-13,0.9012662667624616,0.3497600085882251,-0.5543019572090404,0.9447137113697073,0.35140233448781516,0.13804096330101231,1.1428747612656225,-0.5112375579531276
2022-07-14,1.177067322067926,2.3838553546716232,-2.028879185219955,0.6878446690895212,1.0951338716085364,1.5864197740004962,1.0636855045783984,0.14900914755047118
2022-07-15,-1.4753109816799048,-1.8568807591910064,1.1230090443102878,-0.3218894697859284,-1.2512804851988524,-0.9127923495781509,-0.7459950315001297,-0.9001169348025051
2022-07-18,2.997071902195928,-1.6592765964752512,2.554787371644157,1.7296580910089727,1.5016366747241001,-0.2964052532007909,-0.01066785231232773,-0.4179043566444886
2022-07-19,0.40781396766082123,-1.389029506497975,0.8313385506077926,0.837358632791436,-0.0846866841936168,-0.8182197988374752,0.6527674686422263,-0.6866593655043586
2022-07-20,4.027443408651348,0.12184854081362852,2.655013961350114,0.604711274813587,0.6891397643636393,-1.5979176339457992,0.3118674767895046,-1.6967378614303552
2022-07-21,0.40191500071773095,1.0030661073313167,-0.31086998101607033,-0.26517118806801776,-0.8388723686407723,0.6839887500580765,-0.113343542566822,-0.7815669142426178
2022-07-22,-2.6646661082068968,0.42368503149943654,-0.4374872967052789,0.26908087116737023,0.9521345546493729,0.9793041079983639,-1.0725658659159887,-0.15646123390478084
2022-07-25,-1.8836288270720682,-2.1740766889244503,-0.5692592744649687,-1.0678255853707799,0.08710351299581631,-0.7938728851837198,0.41090363594884227,0.8723254550634726
2022-07-26,-2.5629747736059465,-0.6665715010437436,-0.9123990795962831,-1.491466427006039,-1.5233837045203908,1.6288101059839912,1.2142875987890602,0.1653724879836682
2022-07-27,3.3687473187233685,0.4639997435658882,0.13964545851307147,0.6406397068147965,1.3553735037217909,-2.1657222949157675,-0.48923530592473885,-0.7043721988993387
2022-07-28,-0.7200435156068687,1.6804734965895007,0.05224426000182089,0.9221078992800407,1.7766777091829995,2.1921057745723678,-1.6457878239677146,2.054677347253245
2022-07-29,2.543561132620808,-3.1588905440516664,2.299465777022839,-0.1556916688270817,2.3798762155627506,-2.70920023572649,0.19350725361328372,1.093802396450756
2022-08-01,0.4739183004818616,1.062958291167891,-0.9661418900241119,2.3781501275370065,0.7168004116551493,1.464222073422783,-0.7708983531961001,-1.1110776242413645
2022-08-02,1.9746224266749093,1.375478883100236,0.10574901758532318,-0.004351111439114772,0.36030471131066044,-0.33858621662406735,0.6435664958015842,-0.13424530610180357
2022-08-03,1.0750931916999327,1.2893879931590178,0.0415403583735368,0.990281497828326,-1.0743646820499635,0.006352381884688838,0.14531245246367425,-1.9832751459018352
2022-08-04,2.833514945174176,1.1975200467261147,1.2445580010561863,0.3581860560513957,-0.8490730864066824,2.3945434661570326,1.1367895242476636,-1.3825258721911584
2022-08-05,-0.47965719534198537,-1.4713629314457726,1.5552631953488774,-0.14331058281163966,0.31929706181325135,0.6526054533565872,-0.7526443519650159,0.38448535995071614
2022-08-08,-0.700230404299247,0.19120573820480866,0.008026677375954349,-0.05597114055272899,-0.5904867056385883,-1.3583541094889724,-0.4082756774530947,-0.8276473676593781
2022-08-09,-1.7715146870261298,-0.6829633609088628,0.17516803926787106,0.0760679217957563,-0.5181573454276704,-1.556050455072127,-1.3454429329636255,1.0520387870301413
2022-08-10,0.6992190169357694,-0.5706000599221206,0.5696288003034544,0.3995394383707543,-0.25262405579349506,0.1141866737920722,-0.3962629242761923,-1.4685983435595262
2022-08-11,0.22412633902008874,-3.116727051743382,2.161911027566348,0.782523973832668,0.8544520599367067,-1.2402684060641302,-0.601663769708726,-0.5580827334754636
2022-08-12,-0.21905653379561094,-0.0632661346485971,-0.7653035944745015,-0.36420862017027544,-0.30758693172559987,-0.23425931527754834,-0.6437958063999912,-0.411241731162966
2022-08-15,-0.9847150438694444,1.2267605317784966,-0.3917941180582055,1.5274501422036808,-0.6338906874526875,0.5593710569437863,0.18253156207096752,-0.08138787327579143
2022-08-16,-2.095382144865197,-0.14531431930538377,-0.6963351767634526,1.8667929110301236,0.1916995467419374,0.14659893086956347,-2.204992077124407,-0.5407120745675575
2022-08-17,-0.5728374065391075,0.43370022273263015,-0.09202128274837255,-0.2623030640060155,0.29428804641999695,-0.35255869240917587,-1.0088319302025153,1.1824791576469462
2022-08-18,0.8159996006905941,-0.6670929115101066,-0.3720988011900059,-0.4879481713966879,2.200479310245956,0.4161960266571718,0.2681977048294882,1.4817595289695444
2022-08-19,-1.4936797881964137,0.7426733959299213,-1.35314123618282,-1.1757299696827501,-0.8373312149417179,-0.29579948651283444,0.47958211623398805,0.4015974468520104
2022-08-22,0.5746454911172335,0.35504299104946385,0.18302992419549705,-0.42648827176625287,-0.2075380737854005,0.03332217758514877,0.23458566505840084,0.4269198496561248
2022-08-23,1.6614754593656769,-2.0329383415887015,1.0692888705845525,-0.03613464745482597,1.9621990869571795,-1.2197764248120675,0.6665465539018006,0.6460428650225791
2022-08-24,0.36900735272068014,0.3391476555432489,0.7903551755451208,0.6421522320591858,-0.08382091717649885,-0.6642230690272426,-0.23089603827065167,-0.5173243757450312
2022-08-25,0.08633625150810084,-1.6997162490946705,-1.0622911757632212,0.16757454949387257,-0.768309337813518,0.5083637321703915,0.3947092342613764,0.1289656648696567
2022-08-26,1.6383446852042804,-0.41977111665781963,1.5236984490935508,0.06000279942619658,-0.26206814973499165,-0.6436886058026159,0.43774291481918987,0.022007272613945944
2022-08-29,0.10953959383299658,-1.1214698333677493,0.6980490251934739,1.0056735379344608,0.9013091070158685,-0.12438161377153999,-0.2767798517321673,0.43663809168456813
2022-08-30,1.0221507230334266,0.6692898981543154,0.8303425780550938,0.11452667439220385,-1.28384505452551,0.8689530903297779,-0.6489770057470522,-0.4745262914285373
2022-08-31,1.2680951382485832,0.6513482067746524,0.45180534508580006,1.0764592521531597,0.046507344674101524,-0.6118424787302016,-0.019326213212673787,-0.6813916585131832
2022-09-01,-3.575386789787933,1.1964007939654222,-2.17130550967154,-0.07094264452204313,-2.3015445430509494,-0.9507139197391078,-0.9155145310363726,-0.3269554896708942
2022-09-02,2.2321862792162657,-0.9540114998031457,1.8166821157655826,-0.11901156286850384,1.0286971433667422,0.1261280484682623,0.23934058609923245,0.12055400354227698
2022-09-06,-0.3172297265722267,0.3771615865467456,0.1125286397381136,-0.7081828430267384,-0.9141098434278891,1.1031966075167825,0.13718938305211184,0.46772075469911994
2022-09-07,-1.2299757397062578,1.208334776520886,-0.8297528526194257,1.4605416050541027,-0.4199115433842056,0.3544918086242286,-0.9849144290699748,-0.9085040988826415
2022-09-08,-0.5155510209133759,-1.0471749313986471,-0.08695628350694233,-1.4836811497821971,-0.6137718303244037,0.552476023494814,-0.7001059544414664,-0.31304932760713056
2022-09-09,0.4967763558445987,-0.3183086035770214,0.43318904643634076,-0.042662345162378545,0.2959197064183747,-1.3639274962899643,0.7336257119554385,0.16673997484520486
2022-09-12,0.048669930963828587,-0.5327100734090033,1.0972729967274915,0.657756619746785,0.9455121525933202,-0.0512996825955363,-0.5052050902239832,0.7088817360153565
2022-09-13,2.628908383022697,-0.4641283005253727,2.41155866191168,-0.20094693627700683,0.10709620931171793,1.3418920435817783,-0.014604991531071986,0.9067119085934359
2022-09-14,-0.5614035200910309,-0.23549224123612456,-0.7731475678862395,-0.25374309280831675,0.27011560891117725,-2.149858850472333,2.5542957283461627,-0.8783069973791273
2022-09-15,-0.3649672320547235,-2.2549051092979338,-1.3505632254517732,0.6352841626381934,-2.6618382200940194,0.002609963053752275,-0.5905249873967388,-0.24888127752852407
2022-09-16,-1.1590709617217747,1.173525350366864,-2.123652750347176,0.1523179267109512,0.005452279306998609,0.7057532314728863,0.496720269563521,-0.7637172885984491
2022-09-19,0.3458952623111455,-0.8357764856751834,0.2838451734227845,1.7780661284441723,0.8279776284545717,-0.008466971850619827,-0.5643237691930674,-0.9409734258522339
2022-09-20,0.8567425044334612,0.5983697549174415,0.15392732062648973,1.0483339003783232,0.15712814234119998,-0.00697463420265447,1.0456348426909143,0.5734672725766825
2022-09-21,2.025191080131234,1.345975732185344,-0.3773834568012585,0.36886572835637094,1.1094357063527354,0.5821549443259633,-0.03430549648124134,-0.014792871299313897
2022-09-22,-1.4636587693741752,0.9580543599692006,-1.7936344019780048,-2.508217719430925,-2.213087868367532,-1.7294558400320077,0.0820855321765222,0.9515036391886155
2022-09-23,1.2449240756397184,2.0173368012248023,-0.41713799293064063,-0.5040414214585028,-2.547673996151127,2.4086207871030814,0.07075578172042099,-1.614923208965617
2022-09-26,1.6477712258783244,1.6094389388262127,-0.647279798614591,0.9587196176864052,0.2610444635478321,0.3925008815320495,-0.5864596388012235,0.040150054569312275
2022-09-27,2.582173270124034,-0.6849342076809419,0.45031405109403977,-1.9430170760807035,0.221705337515017,-0.13397612361305744,0.5594807346175454,-0.0702868827311316
2022-09-28,-1.9543433858572563,-0.7347181431501911,-0.5204887633759554,-0.677158753232788,-0.8588540679850832,-2.561234997575486,-0.926566045301776,-0.39568861939905114
2022-09-29,-0.16063054794021941,0.07096783028678469,1.9492338785111387,-0.4716602285133129,-0.38675160258673924,0.5404347438263696,0.029733902295654344,0.24795709220002826
2022-09-30,2.847337665144044,-0.09041492184999884,1.577948343385925,0.3289334096061291,0.0842696763673323,1.3057990794941485,-0.10598781455435366,-0.13771697805390237
2022-10-03,-2.5062298243134893,-1.841796280127764,0.3119157420328925,-1.1102079838086492,1.6185157634257066,-1.0202552374988965,-0.3494375352543182,0.26677244801990924
2022-10-04,-1.3966242152121497,-2.440332691459709,0.8380125496540601,-1.2260941734401865,0.198505414361191,0.11519216542489392,-1.0973371566310142,0.27249480866139125
2022-10-05,0.5570771356405532,-0.18387301832775982,0.3654036426914178,-1.6133353640525785,0.6264260608228426,0.2342397941981809,1.1504589178876607,0.8177168993812955
2022-10-06,3.263289538287916,-0.5182374254276862,1.279305094911353,0.03259004124677949,0.9646039336937788,-1.2630495022337185,1.030178883734929,-0.14728603059451548
2022-10-07,-0.6403540173015027,-0.4521208358438959,1.107480116969125,0.5366927849615921,-0.7392460794891377,-0.09123539959997473,0.5439086137258661,0.1780457948200651
2022-10-10,-0.8609244932587956,0.3505542203734587,-0.6892754324543561,1.1047686077907855,-1.6305925179044753,-0.776546626863069,-0.38462715780759943,0.0249899364781164
2022-10-11,-2.7248476885003687,1.1406583242498132,-3.2224223626644353,-0.8515891816929344,-0.1082355754688277,-0.67941600028697,-0.7149269037183935,1.0310108394410156
2022-10-12,-0.3305232194218522,0.27842730955244566,0.011461371865004373,0.45590244423633125,0.2748628257619462,-0.7004697921955361,-0.734233961203174,-0.18414044259213486
2022-10-13,-4.255590094595887,-2.507067935077953,0.6971315793921427,-0.38909672564830156,-0.2310365695817913,-1.0316570439936654,-0.07186446966795156,0.5130270046971364
2022-10-14,-0.11811626706249607,-0.5228714209080448,1.303054977579392,-0.7760739517399132,-2.0629400404405382,0.7437000950232189,-1.1035535497938882,-0.25736190968057504
2022-10-17,-0.35424989221347175,0.11201941831548252,0.7270189280915732,0.09937011485984056,-0.951269827885148,-0.8917483466534389,-1.5829406628510798,-0.6323376449142174
2022-10-18,-1.5244884288625835,-0.7439746747381214,0.7469388837795576,1.070555499558461,-0.0027616769472130816,0.34839129546317743,-1.4468952180203238,-0.20103309850167192
2022-10-19,1.8042422812905496,0.04023966345444933,1.2387417843364776,0.9681105680804514,2.4897277531208726,-1.5838227834026457,1.5639681234312934,0.9596761604390915
2022-10-20,1.327929593728789,0.08564629327466909,1.4100504551641755,-1.5200962359298533,0.885203126295788,0.08651088229071656,-0.8755625292478004,1.3459874454627696
2022-10-21,-2.659501917870727,-2.0349848008507196,-1.2331642733252621,-1.312900218645466,-0.5734838720816553,-0.28933425268532464,-1.207700697909813,0.4322751116920482
2022-10-24,-2.748576718014001,1.434528284862694,-2.192926663716964,-0.8289950939461096,0.205508293755182,-0.4737784525293569,-1.0611667701447343,0.056177816166451976
2022-10-25,0.35732674442767404,0.8941729228282324,0.599684932906895,1.0461261360736895,0.14320961317777292,0.5027521195514087,0.3079372357145488,-0.7747502908164329
2022-10-26,-4.56920411736601,-2.0142031903005893,0.45818731428967147,-0.23949024649090933,-0.007415933057403097,2.289056744394979,0.36392943729464206,1.42616523361728
2022-10-27,-2.8527255463298578,-2.02556845311903,0.5029559173278422,-0.6491129607912499,1.448078279110267,2.036250354797446,-0.7971442131947567,-0.4389892365871398
2022-10-28,-1.9073902071154503,-0.18791359359190307,-1.4335336889650079,0.647621934776227,1.969444362168961,1.5696013707403558,0.24454285976140153,0.7429969551194018
2022-10-31,0.4913406554118558,-0.5294493407726099,0.4937806817974322,-0.7730883621463464,-0.031666915926362366,0.21963633065566698,-0.408382469886349,-0.1580453748488812
2022-11-01,-0.7954289937560342,-2.303238257607428,-0.04622494877378678,0.18296545347962195,0.22464709732510513,1.224928058333996,0.9031768111682807,-0.35740096621499295
2022-11-02,0.8360610987462049,-1.063580333981559,0.04858694604317654,0.2583825211266403,-0.2777793044598993,0.9445796364339073,-1.0055838454407293,0.12108749741023267
2022-11-03,-0.42042150689591573,-1.9535525841378907,-1.5127923803760228,0.37074350408571927,-0.03822099157092457,-0.3785841786846005,-1.113616614868245,1.1007627391179264
2022-11-04,-0.6554274638444382,-2.3148548200093466,-0.761819643100562,0.28415804316720555,-0.02565184097367647,1.649408903700233,-0.05215816083151359,0.4203394484402828
2022-11-07,-1.1567266420490665,0.9201312687337748,0.051626785613957026,-0.849448325737717,-0.1872301935021479,-0.0491282865634686,0.06064548210089604,-0.04877240962504878
2022-11-08,-1.0270215335764792,0.3757448500500577,-1.1102070291532151,-1.175612094006704,-0.36843119342506625,-0.023901220911469515,0.7067861243903459,-0.3425991334749709
2022-11-09,0.9969288911136793,1.4355046190550582,-0.8957779522251855,-0.3956904482407391,-0.7284901971524474,1.8341201646952061,-1.6193976221676314,0.4201508465949706
2022-11-10,1.271056392385304,2.0931216520250784,1.0283786715430503,0.6979072574539764,0.31418159631340026,1.0377590352488768,0.4736167752374609,-1.6537954531413426
2022-11-11,3.00041667991768,-1.3062683035763512,2.873481487620277,1.3087426433944316,1.827423402186653,-0.9394867251835797,0.6815400017240425,-1.9983939457030764
2022-11-14,-0.6483747680793287,-0.10031252590635782,-0.2842990606479907,-2.1125985080561813,-1.5134039430110777,-0.40946865781750746,1.2409694848701678,1.024854719954381
2022-11-15,1.2588130361946417,1.0669351224941541,0.16637762846754509,1.4688789266822122,1.351633616105427,0.004651430399356799,-0.21833724424110035,-0.017197260447147474
2022-11-16,-1.9874228453115006,1.0058821011895098,-0.5300629096474188,1.148866720642853,-0.6930770863198359,0.34376256773692415,-1.2926986918761578,0.5711520482210383
2022-11-17,-0.999483631968636,-0.6675896235439784,-2.176992886948472,-0.9664959078369635,0.21120653264604558,0.08130264956417639,0.5769400403520345,1.4020894555621979
2022-11-18,-1.9480496058948742,-0.30273663138698215,-1.3102336792738583,-0.003407575787422203,-0.2244636936884845,0.6329373706945797,-0.7059266136595883,0.48947982602607354
2022-11-21,-1.9748883556724282,0.16290985593980478,-0.893593197373848,0.7218866665713187,-0.47210830936664233,-0.2648652159549889,-1.5601159926966415,-0.9422642562027358
2022-11-22,-0.216944078594032,-0.41500655417475046,0.279299716958984,-1.369860727598935,1.1177457246642548,0.5025406347412176,0.36493511762995673,0.3187663028775347
2022-11-23,1.0151714796169282,0.3856384078911743,0.5661184690155302,0.9229112457435753,-0.21491710014123713,0.11003580740597893,0.12250914874229822,-0.4321122181136267
2022-11-25,-1.1046264840053766,0.2518655718110986,0.4202243345032717,-0.11266547218374344,-0.8194477690751522,0.5895557713933569,-0.5376478334137071,-0.21371957770037878
2022-11-28,0.38353847109750505,1.6356933641650513,-0.8447650578334462,0.27230971262338793,-0.8471907663931685,-0.3705829379376367,-0.2730954999055326,0.0569269616117621
2022-11-29,0.3540041330082066,-1.583241016443523,0.49941367351888816,-0.3204638689690826,0.12498446642552737,-0.3845136581847138,-0.4471044626799758,0.17838239686231508
2022-11-30,0.7171774987131847,2.0013803031916817,-0.5944493108715686,-0.6178115447652377,-0.1270993737053113,-0.3676639297058865,1.264359057324511,-0.3403128198360651
2022-12-01,-0.16702647218296443,0.7013046995722299,-0.3070019222433312,-0.051466495940504946,-0.9267588442327728,0.537594870630763,0.3445665918030089,0.2955714822943324
2022-12-02,-0.7324314320697587,0.08764562367839836,-0.5252696804566058,0.7257993688133361,-1.2322342701177278,-0.0917884530851861,0.04136541441672049,0.16234145516426382
2022-12-05,0.9401568870032446,0.763864858100113,-1.5201006471110157,-0.025651898437001296,-0.6891266690929398,0.7732617895400282,1.4885376557983316,0.31220241364175116
2022-12-06,0.4208305027442806,0.9648667677765292,0.030080145327303454,0.051914268095019325,0.0596388280468191,1.6432266772037838,-1.1568121349226246,-0.3803929773528798
2022-12-07,-0.9824971149304468,0.3149316753317006,-0.79364748171161,-0.9143824775675936,-0.8905997862362625,0.06446826452635081,-0.13613973532121665,-0.16630682168316044
2022-12-08,0.13717652188234364,0.6696747797922201,-0.4571978454087885,-1.0550739670225386,0.6764048439927924,0.5122369239362462,0.5135074659970669,-0.22727268989333455
2022-12-09,2.068939916744585,0.4184192326911564,1.457153364244501,1.6939570255072995,0.3850908054573064,0.1829199748926633,0.12719767729764914,-0.8779441841349601
2022-12-12,-1.4972727936191694,-0.445881465727674,0.2924996907539006,-0.04591382707237213,0.7451721062225777,0.4994575736479642,-0.17897875490459603,0.5716061352967334
2022-12-13,1.060169713857177,0.41361863244456154,0.7083456454710139,-0.850889459813622,0.5591610325801935,-0.5223557031882698,0.03295593134805488,-0.495384696226284
2022-12-14,-0.3326894212683464,0.7020144579922667,-0.654937966478804,-0.7006312993791115,-1.1419948993580689,0.30881013104143074,-0.4171068266553664,1.1078334508839953
2022-12-15,1.5083588165644741,-0.4786308757186441,0.17961346966738823,0.607476193730271,-0.10012683084178338,-0.1146832319321327,0.10829605181852268,-0.3923903682160769
2022-12-16,1.5901682008368856,-0.4192972819005775,0.4644679153468276,1.4595230108091175,-0.25366259287299764,-0.394067578601414,0.3904428943075201,0.21300073195875732
2022-12-19,-0.6164599162713268,-0.8977199411297123,-0.39627716761187237,-0.10999964099554956,0.380875433551286,0.09216788217943929,-0.7140975191263865,1.0755158267742029
2022-12-20,-0.5795999041127484,-0.3484958926156042,1.4863968661372493,-0.29252521652796987,0.3516256589672121,-0.5733558449443168,-0.8211467796342552,0.29949806234511506
2022-12-21,-0.8451546806969689,-0.4366156550610128,-0.8215962852427343,-0.6080362033351249,-0.22063086123846942,-0.11627921648632604,-0.24152001121750236,-0.07826204369304596
2022-12-22,-0.9854206702049781,0.6873248983002495,0.4101346295016929,-0.26212475132272356,-0.7807754444995575,0.2743566856610659,-0.4436014272031562,-0.2869939873069521
2022-12-23,-0.9892852712387004,-0.5343350796538351,0.405634877422574,0.10876059691806358,0.6502413710827473,-1.1071764443808152,-0.07288926439695048,0.2465920984635781
2022-12-27,-1.804441632567053,-0.6303388303290637,0.7697266928627285,-0.3500224922935862,0.8447053093556186,0.7355611597248484,-0.6681728407371885,0.5230697231290579
2022-12-28,1.1823619196381037,-0.24919619992611566,0.7141879154661691,-0.0035173750170790097,-1.026713730497685,0.672219633444077,-0.38513622682402715,-0.48760141090518616
2022-12-29,1.0865207967983281,0.5123064058047583,0.5819373425210012,0.13248825049413607,-0.3406285573947328,-0.206353283665101,0.39193882547591447,-0.8362847828585783
2022-12-30,1.103480858228054,-0.6862434243610624,0.5002409704727239,-0.05319307348965418,0.2606434841564832,-0.5565827277498647,0.1617040564444484,0.4427847701986496
2023-01-03,-0.17706566952064912,0.7130862792165533,1.3497590613129207,0.04303305381482778,-1.7132356658453072,0.03574426896954411,-2.7104481917991503,-0.8457436181259855
2023-01-04,-0.051682425498181035,-1.4787706952501622,0.7396435972665358,0.9820240733926573,-0.6743458104965364,1.1547237975354572,1.1225859917128278,-1.591081933945373
2023-01-05,-0.0010329994787981877,-2.0234527148861146,0.44903771334155,0.0417782282141453,-0.5678495078163495,-1.4456415052457876,0.299549518238242,0.2140962623198227
2023-01-06,-2.0477651258882537,0.2216330812484089,-1.6527303377649343,1.6875242570067743,1.7833571077645147,0.7626714206956675,0.935958017603305,1.1564704159186487
2023-01-09,4.588520516309193,0.9252523278066938,3.212195242934403,1.2867413561615424,1.642068269271592,1.92484293195397,-0.05174052463617834,-1.2870689632533898
2023-01-10,0.7408032084819726,-1.0295736593834568,0.27617041274696247,0.0360004432699501,-0.8293862500354306,0.05861121354522953,-0.21634535138401373,-0.5411308209061054
2023-01-11,0.9239621617354257,0.20647302969878809,0.5090774530577785,0.30772325739607326,-0.7470714115431655,0.46657629109381943,-1.1029448725829065,-0.09760743705179509
2023-01-12,1.834678033829326,-0.8483882647486146,1.7070716670051571,-0.5149550683223869,0.03523611395858265,-0.25623114593578433,0.37136585713086157,-0.8098602446642899
2023-01-13,-0.02483003049562193,-0.9011809195476618,-0.42385938924959093,0.5137259126830224,-0.7171255120008763,-0.43720966294827784,-0.8738548584338885,-0.29357521276385967
2023-01-17,1.3842327284615425,0.8363019763938545,0.4974169720482082,1.3610188794566274,1.2507778462870716,0.2557654816502776,0.6156298641791252,-0.03463398548507397
2023-01-18,4.410179270752812,0.1852518144211746,1.1691912167581444,0.3429276679252664,-0.3989292347587796,0.3234984599349092,1.3054865654673131,-1.2042587694747964
2023-01-19,-0.02211163319265751,0.47924740793115356,1.0668349317706778,-0.8737451163622384,-0.8267231190122744,-1.426556200975112,0.9915037188807735,1.1122034834744678
2023-01-20,1.1443062788871816,0.745536000962923,1.2257021997316826,0.829720666750517,0.5054413293931376,-1.0398932111701427,0.5105333883818028,-0.8692443712596267
2023-01-23,3.0135062215825044,-0.6558056891537712,-0.1453199118159196,0.5380261972519766,0.9789925707936373,0.45161121492867556,0.3184682219159887,-1.0630224155024326
2023-01-24,-0.3636001862474545,-1.0719273657736421,-0.11374101502219913,1.5075830542373296,0.7080645047811455,0.02922611753185511,-0.6847310270227149,0.7231072362584371
2023-01-25,-0.812399329127529,-0.09172993480810146,0.16317003224818732,0.8143281487091267,-0.33048317546334155,-0.09427963518604054,-0.1801943171634114,-0.18773425494448626
2023-01-26,2.4720167427320114,-0.5607361913323137,1.0495136759692456,0.5692312640177084,1.4777957804942856,-2.6556459503539864,0.7024966842773431,-0.15901550669760928
2023-01-27,2.4454100661811036,0.722824758227727,0.775944601477392,1.9265716163103728,-0.8737362470092741,1.23687509661845,-0.43236459366279045,-0.8965476006783863
2023-01-30,-0.3077975925251547,0.5334290465947898,0.4280207575488332,0.5238214569381057,0.39407481064263866,1.0369147838385988,-0.2968079407516137,-0.36778093680331664
2023-01-31,-0.5273489984988979,1.263213916045668,-1.0399487937238556,-0.4297825757060073,-0.03709052486765273,-0.33161933598496374,-0.021895116847650387,-0.39548664538577555
2023-02-01,2.74855486810774,0.9869153985946224,-0.2834400364190756,0.3884891338274846,0.5400117869511801,1.3017453055542334,0.24897024882726246,-0.9722337294348221
2023-02-02,4.869958234229359,1.693033436699785,1.7606581755804784,2.174176737089838,-1.3932858489724458,-1.4763028402465885,-0.7136925878162602,-2.6517281508338018
2023-02-03,-0.6178637161487602,-1.5894649976948918,-0.2893693924711969,-0.48843193190219025,-0.41162079413509317,0.4278366285098403,0.3649216207836571,1.129708921495344
2023-02-06,-0.5128733784238607,-0.6127346958006333,-0.22931505799442392,0.9325179316803945,-0.1052830227179843,0.06314875940559975,0.13013589974748546,0.22645288841675418
2023-02-07,1.0408368816344993,-0.33537407839825034,0.5442706241667064,-0.6989276741371592,0.16039968847545888,-0.9760920844745434,1.3070529778506996,0.6729059842168353
2023-02-08,-0.03355334810451545,0.14629458187156336,0.5716623995699751,-0.9504977033785252,-1.1243355631400902,0.5618908676613829,-0.5307520688371761,0.21737240357564028
2023-02-09,-0.09006431314497242,0.9328506312330064,-0.008284509235306992,-0.5149009488015233,0.7521733043217136,0.30360085238662826,0.37389756323623524,1.1125862682373173
2023-02-10,-3.200133627005019,-1.0028256455064057,-1.692281206006735,-1.17758645239284,0.6586635587530404,-1.059836465932446,-0.555576900524875,0.9151038945886729
2023-02-13,-0.8518453261980887,1.145132631236597,-0.6233853261522428,0.4761185852273833,-0.048515101780247746,0.2413455097508901,-1.1950481459807074,0.45383246803116906
2023-02-14,2.6914659108787053,-0.394764153928705,0.36811012658738523,0.2795641376739634,-0.34978500440829663,0.10749478618610492,0.808488623065794,-0.13259152450531314
2023-02-15,1.3669726235807174,-0.5110978345924486,0.5980769845795644,1.79253926651376,1.284499902423212,0.39424609794282583,-0.2500086797139925,-1.2093919854789326
2023-02-16,0.322683571925593,-0.8478028666577979,0.4789253289382312,0.8160593458730401,1.3014444780292374,0.3247100269162567,-0.6352514177688188,0.2527002416995628
2023-02-17,-2.8895247348941355,0.9736284089983337,-2.9920649603480434,0.13085347207297396,-1.8412641717278062,0.0821115793403302,-0.9768851852604298,-0.19448445543179516
2023-02-21,0.4017210261008588,0.7367314002167381,-0.04703567000261002,0.340530597133043,-0.25515706045109904,-0.2329113157588158,0.5644655159315752,1.9276584868548512
2023-02-22,0.692973763221435,0.652915901431608,0.470890222577133,0.2540937609252809,-0.3271772245041212,0.23675734837363527,0.3030904248976759,-0.6316952990152176
2023-02-23,1.2410428082217464,-0.5230257643378722,-0.5677279744009842,-1.4003215994164337,0.08971367884562759,0.9593057601434916,0.4084050190719925,0.636933078066215
2023-02-24,-0.16744135748454675,-1.5241446965023298,0.89533268601488,0.9206043496478943,0.2903905467165811,1.040571019249814,-0.3201115573034272,0.446391430518458
2023-02-27,0.9266878763743646,-0.7240746299945654,0.26369817207340535,0.8624238944226736,0.16723786508736557,-0.16833021372134085,0.6218231730531008,-0.24056837069378947
2023-02-28,1.8732839033518913,-0.4942667930605692,1.3183599603264622,1.326593589358129,0.2788601170817341,0.8403082114866254,-0.10202359717130632,-0.8100644685537253
2023-03-01,0.14196714260212484,-1.2426674142090262,-0.20883252616742756,-1.552527053905239,-0.17440166519688513,-0.21877793909639487,0.812143141993672,0.15043592475455075
2023-03-02,-0.5940221231474443,1.8100202223114454,0.08293070983750865,-0.2937012876552707,1.1243627880064615,-0.0029426947972609934,-0.3900409454171211,-0.10459543157502499
2023-03-03,0.24640327753451416,-0.7198753025644139,0.504713488153821,-0.4182036413846006,-0.7467604320423543,0.0342809991954337,0.054710208608858724,0.32764236475089314
2023-03-06,-1.6890855238266134,0.762138592888967,-0.06039094146191673,0.00353645690333832,-0.5674907919281819,-0.40327280758898343,0.038721881872325496,1.5792966727184368
2023-03-07,2.677269553525878,1.2558300556966397,0.12146424805574174,0.7634623424929271,0.7471482017071857,-0.24051906424700956,0.6372306508989706,0.4463217335196475
2023-03-08,1.9370752065943952,0.19889094512421043,-0.2866986466331635,0.4422073778601359,0.9815479780493394,1.2528387444685665,0.14901889739204977,-0.9048883057430347
2023-03-09,1.49790896576375,1.5402800371376741,-0.6146223103126894,0.00944042907881123,-0.29547633937929263,0.6244344175745367,0.22661795212146021,1.0858251721596042
2023-03-10,-0.8766068946004352,-0.08198206316413152,-1.2119666602603532,0.4664844441822812,-0.9773057068422987,-0.6083197939354016,0.13641302828409677,-0.4921913488369861
2023-03-13,0.06905414425982365,2.5446120981489018,-2.46113687775498,-0.7007826998943926,-0.15608830194928244,-0.9875027155223485,0.4287697590388735,0.411429387273345
2023-03-14,0.8685972448840217,0.4854856982844889,0.33289194420950796,0.19428710302345625,-0.947105719103731,0.190436410513567,0.6606416193015109,0.7694098346816473
2023-03-15,0.7955098224515239,4.006083641622312,-2.800209865488368,1.290734113079319,-1.4883007150576948,-0.8813116556706925,-0.08791522651216684,-0.976611921006033
2023-03-16,1.7269779800566774,0.39622750040647253,0.39944189297705535,-0.8108257234652085,0.022598765040690333,0.4133810776308973,-0.5325355396336776,-0.4177369991388203
2023-03-17,2.4216791063404863,2.057480106145162,-0.014742643135140301,0.7475813671785653,1.4331006049866684,0.7015893941814685,0.3320167445498304,0.6194547359599422
2023-03-20,-3.0384593565979863,-1.0443191426381413,-1.6749351367174967,-0.9818502902737969,0.8493618330204137,-0.39218156210734556,0.24031815207138443,0.2913108891087935
2023-03-21,0.4560086549139766,-1.6553702612667978,2.6987744362756976,-0.07902359270212034,-0.004495670375419428,-1.3276199461501863,0.180749752341388,-0.43999993805094817
2023-03-22,2.27570270494428,1.3359657883683236,-0.21395263316172503,0.5534330193456388,0.053739226948492654,1.0612672418992184,0.4472497545402019,0.5113731358404412
2023-03-23,1.4895473345228023,1.8036190982148208,0.4549844648548967,-0.9098921960337772,-0.337856515057993,0.5877646563419295,0.9359856793068857,-0.5885312163449484
2023-03-24,-2.268271072652353,1.5717894282940423,-1.7540670922313257,-0.585978771399306,0.5483846620032935,-0.7733542423369875,-0.6646702507444349,0.6070370346814661
2023-03-27,-2.6295898144416316,-2.127651688812861,1.6682082751360605,-0.025409446876240974,0.15013782670935916,-0.10556788115422575,-1.9558637543379878,0.31830407179483194
2023-03-28,-0.5361518646717882,-0.5295484305402437,0.30321197422687457,0.17587832038212933,0.7754298004372562,-0.4232421218534728,-0.026737924501137853,0.20582338407049902
2023-03-29,0.12479461277091224,-0.15537414421981702,0.5769940885393855,0.4057365646295006,0.5363706072139127,-0.565635514960226,0.5292152881436859,-0.5558760426134249
2023-03-30,0.15950726319154326,0.41319776194894914,-0.9580157595840337,-0.37349526668200994,0.3111506251216248,-0.4132598782810084,0.4425888889639573,-0.27129041706623847
2023-03-31,-0.7883072434778468,-0.18778757637486973,-0.3330623439830255,0.22970335355386795,-0.409564636045114,-0.03552810029806654,-0.8914292450664917,-0.4219664492567531
2023-04-03,-3.0671453716395094,-0.973721555940006,-0.4511889123799201,-1.1024421342207285,0.07461970899598323,-1.5021900324940407,0.2276033850949353,2.283041138002508
2023-04-04,-0.05663641192497474,2.5183233216212297,-0.10362793358046546,-0.4419837513784795,-0.8285819868821891,-0.8060555360665386,-0.06212417324132202,0.005372560181957463
2023-04-05,-3.900211704764135,0.6495301831591321,-1.9040777202253223,-1.7699857584641638,-1.13249825681464,-1.3131137459732978,0.014407767187428191,1.41901979560672
2023-04-06,0.5981864167907434,0.8942756061172112,-0.7471721558078547,0.42023747492932356,-1.3930874279762313,-0.7510783011420629,-0.5968925803881204,-0.08361673827303265
2023-04-10,0.3590541260378015,-1.4349388786763666,-0.05598822645006174,0.15075540752419855,0.4457527716787397,0.6960913899221811,0.34111280247509085,-0.8834317711987082
2023-04-11,-1.28282680270376,-1.2822804349789816,0.7461316725838362,0.28802076059347875,-0.07958504085902139,0.6656809131305469,0.08906809181749407,-0.6704851019097765
2023-04-12,-0.728640260923007,0.3605573490343341,0.16262428505591425,-0.5385377563023557,-0.7792042898102477,-0.05402047503341711,-0.4089177944278015,0.9383188369391838
2023-04-13,-0.7844343980821833,1.0978883695052395,-0.20676158097574837,0.32417308435151826,-1.0367044426759235,-1.3399023919307076,0.6357089470500057,0.6336197244071469
2023-04-14,0.12560681013630876,-2.6194530065964345,1.8590796935838172,0.8526399663830062,-1.1521614807201765,0.16714295026322057,-1.0208473437640102,-0.4117543496136257
2023-04-17,-0.39166506316030314,-0.6504271355455009,0.36828464440750464,1.1311724667880974,0.14295637320458682,0.7515467321486982,-0.9472398643705775,-0.825003235537449
2023-04-18,0.4411714642569208,-0.600364657183828,1.0252122483319335,1.3651622586677494,1.300168672825271,0.49952911242760895,-0.742048943849593,-0.04871162343421113
2023-04-19,0.3916676038649071,0.8680044752628924,-0.03873842939153882,0.3921538770570631,-0.547997797597206,-0.3069605404132483,0.5086225907999801,0.07931856192411439
2023-04-20,-0.38681943369085253,0.8948272396061896,0.3257355393648211,0.8062572969672541,-0.42699706019192124,0.7423930650389919,0.21047169265434224,0.18169641046448837
2023-04-21,-0.9876432894934312,0.6737758034334311,-0.9537851620023716,0.2274847480378363,-0.7623120034195674,-0.647671513204481,-0.5585275019272256,-0.023795909457861367
2023-04-24,-1.003075015984755,-0.8103778213235412,-0.682010577037898,-0.04975009508243791,0.5753815162207292,-0.4578442560760203,-0.19699637319928545,0.5667235346922087
2023-04-25,-1.6857792957721696,1.002922666725237,-1.2792268590500917,0.6059487682597986,-0.09896271453632562,-0.4661790706157583,-0.24281656400998103,0.9317200558083263
2023-04-26,3.819533499383754,1.2933570517477302,1.651415660019017,1.3337872033202214,0.6915124716405616,-0.2573150140716851,-0.5652220182855011,1.2992773798587458
2023-04-27,0.4876793607480115,1.1336208650901758,1.4101283185763474,2.05317120201625,-1.0253731869899325,-2.0180021684112437,-0.9954171363073229,-2.014806595331591
2023-04-28,-1.1180751755452147,-0.48600409860189536,0.5086972477012363,-0.48703777160651945,0.35355862872023114,0.6883695251824963,0.945165597097289,-0.8903042416904657
2023-05-01,-0.5089396351392023,-0.26959817792458235,-0.8620653845388576,-0.33471196275975373,-1.3670172710344464,1.0629292112483406,-0.4964309652580112,0.5431780206178648
2023-05-02,0.7828802651266233,1.7407283714303856,-1.31404379997001,0.5204917850402069,-1.3406654892143532,0.6343470856354027,-0.5716531599584719,-0.7250192823063863
2023-05-03,0.9193189076735613,0.37528833057525657,-0.35241423929921245,0.5496291288953077,-1.790335371613618,-0.037799627058250754,-1.049281210140496,0.5321701880200418
2023-05-04,1.0712795863883748,1.4592122535827174,-0.8730649247503803,0.6785715782033364,-0.07302368193150457,0.00902477653160209,0.445593725302606,1.6665390843971224
2023-05-05,-0.16429958535610145,-1.2732126206170893,0.108714008107814,0.20926736797969808,0.8889363113872867,0.038104015179630565,1.0884971934922405,0.5172048683177135
2023-05-08,0.6533739923708962,-0.4084367866517082,0.2731412158217388,0.47342235851829123,-0.6319085856179837,-0.5673222207443321,0.11897618281892446,0.155568681136124
2023-05-09,0.4113199798674687,0.3670951002958065,0.8946479428763041,0.600518953029413,0.3156607640043262,-0.08040983005442343,-0.5088855257228488,-0.052919040009782196
2023-05-10,1.2845420378620578,1.583059308690266,-0.41670486865609396,-0.6381881531074429,-0.21966391691556744,0.019187288619951694,-0.7019138030244927,0.12364188537359065
2023-05-11,0.6579959548919172,1.268266834154726,-0.5085368651141274,1.1170247854356,-0.4584104659915745,-0.24873558690873074,-0.3806236822052387,0.9708503177851555
2023-05-12,-0.9768897784310899,0.4709157619530164,-0.4350595528003003,-0.11165277498755789,1.2249786066144903,0.7986703176924972,-0.36206983908220386,0.2002995769127203
2023-05-15,1.2575241155159296,-1.4289002970926459,0.9226835263999114,-0.16156820632315583,0.18055837193255567,0.8333875866612549,0.2933230635828767,-0.4577598586189045
2023-05-16,2.6577731998758782,1.1086661810730194,0.4456774121622779,0.014680939895672216,-0.6418173998234991,0.27381522445212575,-0.8616229168679915,0.44685524310946434
2023-05-17,0.9263496542202657,-2.0208276059646475,2.1970313296989596,-0.25406288282394607,0.6468150859461321,0.3246168371449197,-0.974075790504184,-0.9543010202728684
2023-05-18,2.5519366239022636,-0.04956210594974753,0.7059851826085354,0.17793096866481928,0.8688915364534533,-0.1969335776827864,0.382535740579392,-0.14773607327107022
2023-05-19,-0.9593525695169226,0.2531691978417469,-0.7431936162875308,-1.7377631345219744,0.47939807983827587,0.07731172720803818,-0.19064645651817733,0.8299855354315469
2023-05-22,2.4529468064196767,-0.5501766491402902,1.1340845234014514,-2.195886989092397,-1.763342325079019,0.18525693562367182,0.2636056848319402,-1.6861028695638924
2023-05-23,0.675276148590869,-0.9459906608189812,-0.6689491402776929,-1.3767641655815461,1.8069531951286912,-1.5014207444103795,-0.10260009747565742,-1.4124180870525158
2023-05-24,1.3841408384935334,-0.11674879529318528,-0.08399646155548231,0.9202771290126376,0.08108573051118681,-1.414506570656779,0.38643194156565613,0.7205898914661614
2023-05-25,6.05303585183117,0.5989346497394228,-0.11090666339481196,-1.3815667940433587,1.533610079459657,3.6594701675063246,-1.097348536082557,2.2268977678003115
2023-05-26,3.1331723391353483,0.6691716473103527,-0.3035323533476443,0.2060697619225561,2.424463621231701,1.608723573169583,0.5272175467499846,-0.8261799639316647
2023-05-30,2.15572115898494,-0.22483663754283334,0.14318470059616895,-0.23348335317099084,0.7154238376781432,-0.11219938565642072,-0.5941814655352028,-1.1107967603020925
2023-05-31,-1.1425183437764432,2.218089526275634,-0.2821975075932648,-0.9941720614376812,-1.110125379326876,-0.8578556532522247,-0.15861568850753083,0.07432419951666037
2023-06-01,0.04404273170791319,-0.8155692037549984,0.557876675636769,1.7458752289757191,-0.3474286846327346,0.9061550556447635,0.33132664972544956,0.43264920475456514
2023-06-02,-3.7408535829818947,-2.0083965372413597,-0.3581164473292546,-0.5972520297137753,0.16894215555282413,-0.57357364922732,-0.9650445632106047,-0.1765893365508526
2023-06-05,-0.017511174197947316,1.1753004522121513,-0.5190815216486423,-0.5630789377912111,-0.8155385495496288,-1.2828197367508847,-0.7137941219387597,0.15412595429656906
2023-06-06,1.2564693648619614,-1.7404425340103147,2.3831369797713826,0.622281039729995,0.07274261786030717,0.5887354082265404,0.40973226154786724,-0.7999426332066852
2023-06-07,-2.2735385393756133,-3.829383074112529,-0.4894592591595489,-0.47987042964078447,1.3760167973986732,-0.1801914278329432,-0.09522364469975343,-1.8548149426889755
2023-06-08,-0.0370984966070184,1.8485182632991557,-1.8416705911041142,-0.010683165820204812,0.3270000917598164,-0.8297023199158471,-0.6887616983262941,0.27375130585667984
2023-06-09,0.7197007496243832,0.9158265903438794,0.6510033901003753,-0.6877895727140925,0.32204787705742277,0.30581316746516835,-0.29775162474574907,0.40586641614900226
2023-06-12,2.1809349949925974,0.5737844701768411,-0.10466747603213482,-0.7705189400082652,0.8691951900614637,1.421286735182774,-0.3191725858327776,0.5043578626913036
2023-06-13,-0.6124460939351392,-1.146679595770485,-0.9513811808476462,-0.714105854159898,0.23583913381130475,-0.16788813127520572,-0.33189569989432005,-0.800221849055811
2023-06-14,1.4457091974529857,1.3338251230692684,-0.5871595895668242,1.4746017166971481,1.2997387523709487,0.8563736905847524,-0.9515293225139492,1.493327229194883
2023-06-15,-2.555197935194589,0.9895158829945869,-0.24125126721941442,-0.8893797733903038,-0.23776421565591632,-0.31393163106281247,-1.2728151390595215,0.49587601700858774
2023-06-16,-1.1396978183180886,0.10921086073214566,-0.256812182833301,-0.22776273048594903,-0.8403993060949889,0.3872717199204902,0.8088220274667342,-0.04602841230036656
2023-06-20,1.3535568780434237,1.202135115753291,-0.23829837575843751,0.4449116377072801,-1.2226985257050507,-0.4241456888512321,0.25777856847868447,-0.6130348616076192
2023-06-21,-2.3174478567587666,-0.24055542955478354,0.13569477023645798,1.2035575388743092,-0.3755375590303878,-0.23947629741463136,-0.2850479818971676,1.1789819519446996
2023-06-22,-0.019006158339191205,2.112237167904712,-2.1739154579167583,0.7461122191841388,-1.3093634232101135,-1.2343946826038452,1.4014249316830518,0.4364543970055212
2023-06-23,0.34218172047028883,0.8610399376844782,1.2294955621514463,0.8264637195281681,-1.3723274232469929,-0.3774033847341033,0.37912312071879534,0.2978033097474715
2023-06-26,-0.5819895441337458,-2.0607385837671224,1.0840730826052467,0.5561402686682169,2.7040299696153522,0.7151862371991103,-0.25441517843770306,-1.7490347560087558
2023-06-27,1.3296207613430588,-0.09549554841385993,-0.5381027453620341,1.047109267259604,1.4073275356638257,1.0166290961485773,0.4910246752806682,-0.36399263546354266
2023-06-28,1.0581493306240393,-0.26928101433868534,1.1141100613825907,0.455250732961044,0.00010539872440984356,-0.9724986969834043,0.25713940900949495,0.3727223308961918
2023-06-29,-1.7413832466253973,-1.7571311289723157,1.3897257173388153,-0.7276667111941764,-0.3511615456977628,1.677665111721827,0.2185575013155932,0.9267776194681705
2023-06-30,-1.0919094503873337,0.29335171884948313,-1.2650556058407376,0.4331702438060634,-0.7415431347707844,-0.11194108656885449,0.30343615841502347,0.8164041076171337
2023-07-03,0.2254411075858897,-0.9534598628661184,0.05432778336672219,1.0093992742024205,0.5437319850468948,-0.4021318152091885,0.6016773923204,-0.9923378260832701
2023-07-05,-0.2582519511732567,1.5914414439334337,0.5334241287012689,0.1817494601729991,-1.0926646220711596,-0.781284610915037,-0.4934988529606305,0.2231316083961275
2023-07-06,1.3206232255667105,1.3361852795708216,0.23611477106260081,1.1122885741972246,-0.5073061185252393,0.8468428667354563,0.18718079363038764,0.4718022366953104
2023-07-07,2.764030423986648,-2.428657006672349,2.378878389116287,-0.3214213068704878,0.5213602673600831,-0.026695877764998186,-0.01758517927942096,-1.5359293848290632
2023-07-10,-1.164312808824767,-0.4855894511999142,-0.09113465003366868,-1.187244142122749,1.092508866301444,1.3800762779176148,0.538838714198317,-1.1047868794040503
2023-07-11,-0.21082772106963132,-1.0560552299667578,2.0082360861085524,0.03610444408074302,0.8804132949159942,-0.3680762433253858,-0.3559755738696037,-0.008452640380315908
2023-07-12,0.9298604410550819,0.707170046941073,0.7237497083894335,0.690282958419158,0.05107198909109398,0.18997410597659006,0.6898716310706555,-1.1175750438585002
2023-07-13,0.965741423937995,0.8904799578170923,-0.6250110138708024,0.44111501999197616,0.04107282096605796,0.08343875060171724,-0.3277287183936329,-0.3095367743492863
2023-07-14,-1.279782541846259,2.428811503164604,-1.9862878711963086,-0.8865602868697467,-1.962991934491032,1.4796832826176396,-0.9288546009894888,0.48281597340018734
2023-07-17,1.47498379297782,-0.961603843240466,0.6758216129580815,0.33957870047111455,1.2761851443653849,1.1329127589923604,0.013710825380189744,0.031175268197837364
2023-07-18,-0.016477209486024266,-0.45677474369008947,-0.09650414202311662,-1.7583751557473273,-0.6670809302881643,-0.830519703348768,-1.7673004526766194,-0.5344645310508266
2023-07-19,-1.2028761040180733,0.09327167044549863,-0.23726885448105967,-0.04933752493947777,0.24949779381705586,-0.9821859975144274,0.0728664343348196,-0.970138301226183
2023-07-20,-7.318279578115549,-0.7857497752139765,-2.13015651487601,-1.3551227422823626,-0.6500629860784,-0.1309610229962708,-0.7503144295902471,0.7589779388185749
2023-07-21,-1.4919169072937526,0.15294621002938938,-1.504642190813283,-2.3329833185316975,0.273320752117599,0.600115741619427,0.7177014270093229,-0.8725541796912841
2023-07-24,-0.9228744345613705,-1.2321688796414576,0.5662231756735084,0.6357066482552708,0.5646876868638432,-0.07351132000051142,-0.06642994270572954,0.11087821436918589
2023-07-25,1.4032999209784918,-0.2856654670254409,-0.3355334235624053,-0.34332948385854867,0.9309275020327846,1.007879135819835,-0.6623507495982746,-0.05632100161930233
2023-07-26,-1.4222219391147188,0.716197391647418,0.25859207135083623,1.2607246920572577,-1.239256021347122,-1.0889197284655774,-0.7343511331532427,-0.788176822187752
2023-07-27,0.6590607962976267,-1.0307389334991908,-0.9781202839061246,-0.8891838673362068,0.5621861633329135,-1.4459961395891665,0.5649638458693113,-0.8953163599373146
2023-07-28,0.7373711453870463,1.361870962737886,-1.443089893377016,0.8002727434763418,-1.040321153903977,-0.9653554400016434,0.755557612535078,-0.45205742258269827
2023-07-31,1.4293252221244133,-1.8684348188284403,2.449437045301157,0.12865368272227623,1.7002539797592195,-0.5667277968460642,0.8311100043701958,-0.130872501252542
2023-08-01,0.9124835844062337,-1.1370922881551888,0.8115229940361445,-0.44349831745472834,0.602407500150902,1.297567707573022,-0.033119124608346776,0.2363893758480079
2023-08-02,-2.4463654926106138,0.7212240755167977,-0.7851437274259836,-0.431290394412914,-0.49254870601069717,0.14877089301742838,-0.9882356015356455,-0.15352766293864492
2023-08-03,-0.46853966242074924,-0.4560951345725777,0.5920804720742338,1.2754689964464718,-0.20825408175575255,-0.7631913776454153,-0.18301137672720558,1.001706983113477
2023-08-04,2.053423241441724,-0.022897283475988912,0.7441207513836509,-1.7957302484556792,-2.025523816963405,-0.7216948017781593,0.03341456657514442,-0.5705074429642047
2023-08-07,-3.419446117509926,0.09923046034169834,-0.9857641204077633,-0.39585437010876,-1.2795759752340787,-0.36482383490502807,-0.9342606486410698,0.5777793401378895
2023-08-08,-1.2517597152715634,0.23504823347890036,-1.8990398992722681,-2.25371854994503,-2.4324748993167145,-1.4827291947469552,-0.5289138917077801,0.572167597299962
2023-08-09,-1.3178547358341404,0.016906923320157623,-0.25032673823871227,0.33152190164102896,0.4139796109939334,-0.3389284196207802,1.0922199267189558,0.1054440540859778
2023-08-10,0.008875282482000257,-0.3730213421911045,1.24115283564639,0.24785492549697766,-0.02024526444717945,-0.5256368338243289,0.38529891435208924,-0.812554435931282
2023-08-11,-2.2554420135856725,-0.7599106228188364,-0.6047957773548085,-0.6377426576905892,0.007641320989452439,-0.9371173097250849,-0.5972185230748551,0.6566492269380488
2023-08-14,2.0268205162943196,0.524955380377352,0.16624515146121263,-0.9777685153932433,-0.40925379150851177,0.29369772300130464,0.9414264654087974,0.9963384884360913
2023-08-15,0.9150596809504498,1.907381269831268,-1.0246710013965252,-0.4672249594124119,-0.7612707452328934,0.8790813280363,-0.5789763098477593,-0.30012988184053496
2023-08-16,-0.20745126500142128,0.8172227182868795,0.37644765590834434,0.017083985799672227,-0.32974637755332215,0.5378154212938856,0.05806419845700702,-0.04708935169965369
2023-08-17,-0.2253604309030239,-1.5921615866610022,0.2887757704643141,-2.8142147261433914,0.369799081237939,-0.6404024489031429,1.0014683114053875,0.12497564117119704
2023-08-18,-0.5109625561867791,-0.33795503494437756,-0.2804486153610058,0.02671303292714199,0.8842376987018181,-0.08934145133571265,-0.4140168373422009,1.1990264592631235
2023-08-21,3.4670030846138706,0.06271307595658894,0.28668332102025934,-0.7021719534502053,-0.06488572797007532,0.6608626315233441,0.5433026521853854,0.4990951835702133
2023-08-22,1.022681922354889,1.319638443445155,1.2555596318299695,1.0680030299475267,0.08307681799637069,0.6344681878038708,0.5097800397415542,0.11765615512080363
2023-08-23,0.428848567600525,0.9875614582997014,-0.5072878674937716,-0.3676255347413071,-0.24393613153893584,0.7294003144912857,-0.1616810734972334,0.17773616983452648
2023-08-24,-1.3343625635396912,-0.2622155902629558,0.8692145745350331,0.21158250918238317,0.0005046931506541811,0.5258283803431706,-0.12875116040507673,-0.7768565648796185
2023-08-25,-1.2386467073646887,0.8150187636869509,0.4298778254074762,-0.5288975879757865,0.9356786064529391,-0.26851442489832494,0.26227579787423577,0.502576837059819
2023-08-28,0.2803631287518393,-0.5140272657276783,0.4743960927767337,0.5319958413998412,0.7550823227007596,0.23435514722197354,-0.11929413040442652,-0.023232199665218375
2023-08-29,1.358433905328558,-0.2331173064821634,-0.6765494438834586,0.030189839445887007,-0.01977393836139045,0.052293827124687,-0.10219768211466267,0.09760618373506824
2023-08-30,0.10654561752790148,0.32433508025588187,0.3288237953394369,0.4009558505598061,0.7372986562491922,-0.40075764322397167,0.26082995422493016,0.12336343883579179
2023-08-31,2.3373147402269088,0.7027115452356033,0.7188440165487125,0.21914780009931373,1.4386544432249937,-0.1373633179240858,-0.24743358546776664,0.1472660066546836
2023-09-01,-0.5010175855187812,-1.0097988031857008,1.4689251227381845,-1.818566144736177,-0.12318161898374211,0.07672706140589207,0.6347899167408106,0.5457614762747299
2023-09-05,3.0220633712028517,0.4036581080591971,0.5904351677016413,-0.2666758273378773,1.167742076708265,-0.7294614299136151,-0.2724583970082073,0.745471843335719
2023-09-06,0.20960942135164656,-0.06282473193298155,1.9907681948734068,0.8252273966731979,1.3048716249608923,0.39526668378612034,-0.740536865812571,0.47960076429137855
2023-09-07,-2.781701922098702,1.7981300287085298,-0.51736543053874,-0.2326349428008112,-1.6190575900819288,-1.0062534217012309,-1.1805827863821243,0.8245942043680717
2023-09-08,-0.5681813802779153,-0.4350491423692372,-0.22615683490392363,-0.03632495622307329,-0.2570744123192235,-1.3799217828405133,-0.16583492520438473,0.5881136414685165
2023-09-11,-0.08415254180349195,0.5877889861687039,-1.4393114468355122,1.9225057855907113,-0.6754946873866292,-0.09096904498804893,-0.21764161172624324,-0.6481455029581742
2023-09-12,-1.5497114014314421,-2.835771672370238,0.52873754190224,0.8994842833689848,-1.0094327836103125,-1.6701626113631998,3.1450760146739554,-1.5933746500094195
2023-09-13,0.401440298460456,0.9723895359433081,-0.6682887483485358,0.4374837133510241,0.3488893454231398,0.5570762784851822,-0.3766312455339291,0.29848959525882585
2023-09-14,-1.4143147677968773,-1.1832987022070454,-1.6579079750559347,-0.29504689867179335,0.8834018699339067,-0.5258048312816647,-1.3553836575422817,-1.263837938295372
2023-09-15,0.4090168965244934,-1.0619295337196293,1.2744241741179667,0.09761444871038374,-0.7555169015988873,0.4105825287671857,0.4221290930860173,0.14845345191586454
2023-09-18,-0.9381993705164169,-0.11377895370193614,0.397838283656579,0.6518258447702453,0.06818355591222856,-0.28344370815737424,1.2834319892364754,0.9029276250924625
2023-09-19,-0.006208164413955465,0.5580484830105811,-0.13879528022298984,-0.8238341940444127,0.30986291145938893,0.04277575651143112,-0.33026416580869894,0.18857443612325211
2023-09-20,-1.7094016895756774,0.003766886575184783,-0.3885009155655128,-0.911931983308153,0.5260567805655106,0.204427514396576,-0.839357454402264,-0.3553155967561423
2023-09-21,1.4086458224266412,-0.6214474732307835,0.4508433586833381,0.042878987564166526,-0.9080896883283349,-0.6033365514206617,1.136651823004369,-1.8179628680703241
2023-09-22,0.8408291119014403,0.7813811174535403,-0.5387020969583353,-0.4913412079119048,1.4606969846326658,0.4880093178652881,0.22667991414265284,0.4083332430598271
2023-09-25,1.2146543560285568,-0.9389069273741193,-0.17855586729246495,-1.0244843941253579,-0.08111541468239639,-0.5043479952039436,0.6888191102697312,-0.24818910544292916
2023-09-26,0.9563058221229432,-0.007841996747345802,-0.1403053539596182,-0.2805437004354786,-0.19177636132741346,-0.5855912609258774,0.8699693641172095,-0.8388879856776675
2023-09-27,1.8755701366500743,-1.7219670488191179,1.6476383706773037,-0.7477654678807503,1.4439466648606814,-0.5820264542581411,0.0694217482135282,0.3574608781342164
2023-09-28,0.5757895714843239,-0.9815553411447876,-0.8960320017868586,1.3035367177592372,-0.361183909255013,0.6049076506793624,0.18848997293246825,0.42983008266442313
2023-09-29,1.9584378379799763,1.471731708286094,0.08948401095720625,-0.9160097161576359,0.01049605337042351,0.3786061670291191,0.5836032095212634,-1.5063623724707538
2023-10-02,2.535714332471193,1.920393675263148,0.031375142406003226,-0.6414656163869353,-0.15199555343405055,-0.31389660514904744,0.22738330104604462,0.44998070296052983
2023-10-03,0.29081929686318325,-0.3247231451408737,0.13324335492036002,-0.7654968819480192,0.45737124368658316,0.29561316519041275,1.0215457305687425,0.1445345141384691
2023-10-04,0.6403970320748393,2.3190300987832364,-0.7569026864600361,1.2148215223333423,-1.1714823253190203,1.4973389388979834,-1.0123182796453138,0.12019772919174322
2023-10-05,2.4429065318326884,-1.1453758861822385,2.1305269351400757,-2.530164083575099,-2.9846248175126187,0.15767162454270575,-0.34869769715480675,0.4871674286560373
2023-10-06,1.3527529954202413,-0.051686109204764595,0.2685958064062368,-1.144529963248872,-2.0283572919704103,0.38990041222852395,-0.11098100260615043,-0.13871506263024744
2023-10-09,-0.5987526053941118,-1.1295058328486787,-0.31613585489557006,-1.109869012519951,1.105855906068797,-2.2989166535049352,0.4126172081614226,-0.22106005105000853
2023-10-10,-1.971463099876775,-0.19993029893732928,-0.38815090535662516,2.199714233795412,0.38715452454699006,0.9273116829525397,-0.17564502773249266,-0.40291317760521017
2023-10-11,1.7796507261104415,1.266962993548804,-0.7620328512204074,-0.9421621571223964,-2.5329646887311594,0.9494742560513696,-1.5017969822171304,-0.22411713690266094
2023-10-12,1.993721769865432,-0.10134226882614258,0.11771930058734834,-0.8405016878120762,-0.31828702404577097,-0.2862364179414975,1.0314275242305129,1.286512499827751
2023-10-13,-2.934533329492257,-0.3645819247633584,0.1251590008755782,1.144878438207347,1.1567794836411949,-1.3028398909228955,0.09697374501489356,0.6262911380305097
2023-10-16,-0.854720041120883,0.589990417405706,-0.7754127905084088,-0.1293958913081654,-0.005545988341196097,-0.26449683702220517,0.05109523765895833,-0.5514238067089042
2023-10-17,-1.0629828166612596,-0.749588034318134,1.5329992956542697,0.5106693155737494,1.106190882244543,-0.30308127807751845,-0.046760005157370055,-0.17630263542028268
2023-10-18,-0.5562894596251227,1.5107275680002166,-0.7179579242564492,2.0145263692357416,3.0962390155786457,-1.0005248928478772,-0.6128662795003971,0.8116099623793489
2023-10-19,2.0103901204487515,1.6848377714638139,1.4928099777394628,0.33180397008015333,0.43911707177811254,-1.3665022335483488,0.21312589919733685,-0.7424023695661248
2023-10-20,-1.2881983225953453,0.3140496121597518,-0.9606625750338481,0.7502346728139423,-1.4581474267746473,-0.22622936111163766,1.585744355335835,-0.22719915300300772
2023-10-23,2.487122812119817,1.5867711501208626,-0.41122406433641817,1.0864897977457462,-1.008410943321891,0.44713234429222765,-0.738800452793802,-0.0058564169485049175
2023-10-24,-1.037010402389353,0.20792312432784954,-1.4479828355945166,1.8312191222190854,-0.7285791863609112,1.1766060741756454,-0.7198727700283403,1.1119147172667327
2023-10-25,-3.217110842114748,0.395448009026065,1.0067871458029483,1.4614514283493178,0.27592749476189377,0.6563478029493012,-0.39054397687915626,1.8818716245216274
2023-10-26,-0.4862615041883954,-1.1738546120427378,-0.4311844673838573,-3.379387391057428,1.1398123410650558,1.854520123208241,-2.0469103625954217,-1.9295982646111853
2023-10-27,6.203525916766963,2.509787397760963,0.6028526111096687,2.691545876075232,0.48711650971079556,1.2402030690287642,0.2781572082296712,-0.9303549978768803
2023-10-30,-3.186608923260194,0.7124349331385569,0.25501801820545,1.6515165640975669,-0.5951991823955907,-0.7972445813094899,-0.4865438089866461,0.4568672070539926
2023-10-31,-1.0354953473772077,0.972161659891032,1.5308942514786161,0.6089043798763132,0.7130502732413907,1.1213137470038632,-0.13237879195564853,-1.108728635136102
2023-11-01,1.4481279180620927,0.46749570650882255,-1.082932349414892,0.25469029201800547,-0.08621106142375504,-0.039358061983358575,0.5729453667438328,0.4726049798780071
2023-11-02,-2.64170353172081,-1.4949709446795265,0.3361306984009227,-0.4893153021336221,1.1067371024156651,0.12927550024897957,0.30619616372913844,-1.1606312599020427
2023-11-03,0.54920732080514,-1.163010844313966,0.27850277708333965,-0.45734988076484107,-0.8218183005507577,1.0413353507885605,-0.1358509134025723,-1.4971105481272067
2023-11-06,0.016761756166425182,1.3479599973905543,-1.2553377213336245,-0.38830448917013527,-1.3272512501433107,0.47042134580238687,-1.5019218421575646,1.334887395064159
2023-11-07,1.1832945082229076,2.227824456510683,0.3289786358673276,-0.09956028772441519,-0.5598269036965802,0.34545953434676796,0.012414146112929418,-0.12459359513105153
2023-11-08,1.0073144089410662,0.4103277814554462,0.09050232508733326,-0.6511433484084771,-1.1996261234361607,1.0055575698901802,-1.0580090725135225,0.6397597475398401
2023-11-09,1.870747273801518,-0.9492008129219732,2.7013923873003765,2.3436710177300757,1.5256674568990423,0.1225069086484904,-0.14112644003221636,-0.5527615274056701
2023-11-10,0.8950591454849852,0.07732382645482538,-0.39457878810172653,0.35699935038881064,1.5773511842885994,1.1993961587949378,0.42703825840920323,0.4658830088934022
2023-11-13,-1.0344979824246265,-0.15266110677067035,-0.4202697018295305,0.5896259117354067,0.05701506656725453,-0.9152058606136246,-0.3365966084237715,0.8261807349336029
2023-11-14,0.2902793366684641,-1.4046048006700802,0.5248758477355423,-0.12467926466727303,0.6270832004984963,1.2583049678199878,-1.1235088572992313,-2.701259741203816
2023-11-15,-1.5425972590915977,-1.2306359703571679,0.038206635607711016,0.057545469189713025,0.3566912292542114,-0.14955513386974087,0.3167815782201136,-2.389186529113416
2023-11-16,0.3536065315380535,0.48016738932472125,2.2480662214353306,-1.3315339342483374,-4.513260640292624,1.1262012542695667,2.294588620516003,-2.240873392600245
2023-11-17,0.17420142045068734,-2.230722221760847,1.157872859794014,-0.279596808209943,0.9787539317365432,-0.07977957795821161,0.8058052869214437,0.18771803942481236
2023-11-20,0.12774680077954156,0.8893869709510821,0.1980036704946711,-0.2920369690585951,-0.14311047484260842,-0.13999475211131637,-0.2940071947699911,0.41182256545088824
2023-11-21,-2.1337095073305083,0.9891092890905833,0.20294199200539909,0.31639056172733415,-0.556066944789335,0.5875362144669036,0.7487516463535391,0.5172472967339651
2023-11-22,-0.9308141016904616,1.1892727314604157,-0.13744461068516808,0.3367734359895173,0.03617853813236747,0.04943373908281843,-0.14501211284012241,-0.32917854523874385
2023-11-24,-1.7477897250717418,-0.3178621648332551,-0.2972274059266554,-0.19962573711969006,0.20084293595477387,0.04996631675987951,-0.11604210480107989,-0.05216170966540096
2023-11-27,0.7876767845540276,0.26374382160017146,0.12590807911064086,0.4615439619661223,0.29401687613208294,0.08237677159858814,-0.46922791319586343,-0.1366794977674121
2023-11-28,0.1647207819257678,0.6929663816138332,-0.32387538682178935,1.0358676252720282,1.0554649739040067,-0.4522747910546694,-0.5964691835693995,0.07701982592775607
2023-11-29,0.26030672524256554,-0.9622150974495148,0.9981714933026069,-2.4594459128721913,-1.3890277152190535,1.6307223572879594,0.28456448067557605,-1.208097106945948
2023-11-30,-4.171422948467905,0.37751947059528235,0.06983083622713136,-1.1632989194790337,-0.5349167658828898,0.325837592956165,-0.4380643605745837,-0.2852467373813742
2023-12-01,-0.8788376220252989,-0.6961879128584333,0.18365633209170606,-0.1323089803028302,1.4007714419074617,0.6689178078344099,-0.46763299856275037,-1.1858620053129876
2023-12-04,-1.84366287505469,-0.7647474827967727,-1.5390290341554411,-0.7459201611634994,0.035370392070900855,0.23568964863789285,-0.022244617065652134,-1.8663147238698763
2023-12-05,1.8265000735143824,0.8456316421187723,-0.35234967260213645,0.04634262983131909,-0.6772433831220479,0.14597225842323755,0.1609156370252492,0.8583341775080282
2023-12-06,-0.13263108732260576,-0.056985294593972516,0.14415529981888187,0.2645727642744678,-0.5167747222991885,0.5903468178017747,0.7792900826681353,-1.1073804470243924
2023-12-07,2.516013641790967,-0.14479771438198313,-0.5521061834958276,0.4618130403686905,0.04650918756601711,-0.1568433114604166,1.1272228370483677,-0.08459292348137122
2023-12-08,0.8777508982948209,-1.5784211581126069,0.9008538425809416,-1.28329261286271,0.19677786292510546,-0.3297002003176085,-0.3769376397893841,0.6150526799470089
2023-12-11,-1.5968447171765767,0.39680108527272484,-1.1731665016211936,-0.3580940518815149,3.1183193299444665,2.620694150048762,0.2551276507203103,-0.10854567804878679
2023-12-12,-0.9892053920572385,0.9549397223898081,-0.06176078577823632,1.3934222951193636,-1.2113929004469002,1.598320234892685,2.7121002757610295,-0.9385228066942649
2023-12-13,-2.0531047487885754,-0.05922182649063916,-1.726191326100837,1.7946283084506043,0.5908598800518909,-0.9461739128603942,-0.6695308816934742,-0.807856879793272
2023-12-14,1.910294603377199,-7.492218228874178,0.8747501673656906,-0.7845985385750661,1.367095469062731,-0.624665452206833,1.074770128843933,-3.7328704274111226
2023-12-15,1.9874402680374652,0.6723688951705239,-0.19991373768934878,0.02780459419914436,1.009899338520803,0.38958637229550064,-1.4813702636629744,0.5243717331238593
2023-12-18,-1.0599127408763565,1.7506746259463264,-0.6417785265195304,1.2503034151753984,0.22999261240457158,-1.180389897438214,-0.9678682604132101,1.9063265757964196
2023-12-19,-0.7447605335150705,-1.6095612700935964,-0.1492749515855536,-1.2014992565359257,-1.242846292055305,-0.7673455039838607,0.6982661178099722,-0.3864309256824358
2023-12-20,2.6826144640708964,0.28417358341841154,1.353320576162459,-0.4923974849355314,-0.45194123666807123,-0.3160079185459438,-0.06873455884722329,-0.636201329817476
2023-12-21,-0.9548150297469926,0.3372079638095208,-0.424493771767745,-1.0151962794978888,-0.6772745526267778,0.5308013352373201,0.0065294639747744115,0.24696204405409994
2023-12-22,-1.7951874771029708,0.3353920453871932,-1.2460896178684207,-0.8988471239358599,0.5138392338929334,0.18427136275040829,-0.5097982322813814,0.23242027130798004
2023-12-26,-0.24019484019322895,-1.138036287093107,-0.7161651891370604,0.1358628035057542,0.6807604469273435,0.3102784336885162,0.14505757355747334,-0.1549769982535265
2023-12-27,-1.0041263007195684,0.19298263479750316,-1.0176953113169929,-0.002553720177909738,-0.17030811283000782,0.27751995349262915,-0.33815830623496784,0.09024005133954383
2023-12-28,-0.5717764266619202,0.1200113366074334,-0.25060857029445144,-0.10933502168614292,-1.2156836105853828,0.8013253977702304,0.1460164644002703,0.095094683734885
2023-12-29,-1.134240480612746,0.42519315472828284,-0.3228436728501299,-0.0012199817871986474,-0.06180434892932406,0.27795908061275376,-0.012753622341540462,0.3682491882197027
2024-01-02,-7.289948620829356,-1.2760428701121236,-3.2174593286184474,-1.8249553355584542,-2.3848516104422854,-2.081533635301049,-0.37979372786140664,0.13375376589332394
2024-01-03,-1.8909854108198665,-0.4900881089940388,-0.6846015436719477,-0.45145443276871083,-1.0117716791263307,-2.9417485030878723,0.5382897695629484,1.9632134747070793
2024-01-04,-0.603434899655256,-0.24980761248183744,0.1910009861392038,-0.8222025194596738,-1.3973498460925127,1.6723892824754139,-0.4263188904356186,0.5001673887033392
2024-01-05,0.6706608627605428,-1.5990618482126178,0.22916429100591942,-0.1348732530240893,-0.7704749837069074,-0.17876714965991677,0.01578850769786266,-0.6603170529515615
2024-01-08,1.1613649695558594,1.5792232562021211,-1.1892684276708392,0.04235149548712385,-0.2782222885425594,0.49561145026818804,0.04367624945821719,-0.25280821571460493
2024-01-09,1.2713629484292706,1.6843861657591075,-0.5535510357176759,-0.05655095529174718,-0.7591491779950643,1.1447448478999167,0.29685142424081074,0.4236412464313904
2024-01-10,-0.1675659599288137,1.3338345316012878,0.2031771471324049,1.1513935766616712,-0.6514137208013929,0.6314470917251037,-1.2669824739129718,0.21468617406570478
2024-01-11,1.1370872751181929,1.2386508049304368,0.7462894591175907,-0.620984961928395,0.9948135175587767,-0.10334087969981366,-0.8722283112954615,0.4321143835531184
2024-01-12,-1.3144328437749881,0.8970712739573099,0.3063379400840994,-1.0238535208322745,1.1891131679328595,-0.175437407212288,-0.37978456614169664,1.0769651961060758
2024-01-16,2.23282980376302,0.33968393832160415,-0.101592998607745,0.42323750771127633,0.20522127517630298,2.0673475176104037,0.1591876473723209,-0.6932254580021108
2024-01-17,-0.28497401186379434,1.7073000958721893,0.14747103395291183,-0.25864078735824525,0.012370978487945779,0.7896827117168592,0.29203709654054727,0.8923050057064515
2024-01-18,1.0188598317004371,-0.10414654450224524,-0.6973965178398606,0.4498513797092908,0.6082062174959961,0.7328981885082027,0.7362364695585811,-0.36154074637917705
2024-01-19,1.6850364067428936,-1.350151502687549,0.08948761171059977,-1.315429452054816,0.5987291077631605,1.6952813920415024,1.188701085039871,-0.7904898165505645
2024-01-22,-0.7561035350560443,-1.0036602332095204,0.5627495113738794,-1.0317223993637386,-0.5009694949744024,0.026526616978649543,0.11637437568742796,0.11902639277631581
2024-01-23,-1.3237976374767928,0.6433918848738007,-0.9994994032580469,0.5454344525340088,0.5198092918210147,-0.4100907463157958,-0.2074075781028193,1.0289310089954424
2024-01-24,3.3485921608608087,-1.090658032534654,2.665521293773022,-0.2825216412544715,0.04735526725305494,-1.9734522912841042,-0.12991895716907245,1.2675026722219958
2024-01-25,-2.83526251937402,-1.513623695886917,2.0567889665713643,-1.5140859968012423,2.1661767558637437,-1.3465256121256526,-2.796591291187496,0.4585710951743563
2024-01-26,-1.6492074466842797,0.18376486363432637,-0.3594376103200884,0.25349863812473333,-0.8633090635036533,-2.0585077135037375,-1.171762818884302,-0.8731404860843474
2024-01-29,0.3990847509135671,0.9645985641600181,0.8018886538619187,0.13763220867487394,-0.437578758584807,-0.017401811465431093,0.6657918627588821,0.02493078156357412
2024-01-30,-3.2362987794883775,-1.6210772408275465,1.6663363974184366,1.0532446266806872,-0.42446430975705296,0.818182074477344,-1.3250908956020944,0.6359456353584494
2024-01-31,-0.7269065178402663,0.08908161251132607,-0.2153391256806124,0.9002928239562812,-0.4673277788886525,1.0672070299776162,1.8256702253805195,-0.840348129423032
2024-02-01,-3.845663257788528,2.026550285682468,-1.6453650064120762,0.558945637545792,-1.5528789688883766,0.1983542304824231,-1.0931280607423004,2.465626198767377
2024-02-02,4.026413446691002,-0.385732392745723,0.3095976331953706,0.4769738907200365,-1.4769545910518345,-2.607607304693994,-0.7587260334627672,1.9255757542282894
2024-02-05,1.875902925171061,-0.6973670925550873,-0.9793139632515242,-2.086886105781207,-0.6662298361610987,-0.19582031209352582,0.047542817445717825,0.3164982735571973
2024-02-06,-2.6594582284917667,-1.4208374272189443,-0.667609403551987,0.2891977409604732,-1.2585316199292353,0.24390376594804933,0.8385540083939533,0.14292048023693332
2024-02-07,1.5311166330324328,0.7307306728870835,0.6195150328207398,0.860252762433443,0.20192769261514198,1.2579469005371027,-0.9959928440890531,1.5152596850734599
2024-02-08,0.8266264863638971,-1.0789646195559628,0.27652033656352815,-0.31566923286913984,1.4741047165677694,-1.7762532042163288,0.15522740427517506,-1.874966368013769
2024-02-09,3.141043566104229,0.3390589515216979,0.539405419181904,-0.2694487680354852,-0.8164506636429472,1.193959475163352,0.10603954347635977,-0.48532152541718343
2024-02-12,-1.9423966591011315,-2.061757044001314,-0.8214490226270775,0.7052821662631,0.492002932633265,-0.823502845748482,0.09627135171812261,-0.6121766141214751
2024-02-13,0.25223902347501204,-0.23990015758319289,0.88302341180311,0.6520310978434619,-1.1951382564650692,0.7191743831080498,1.0199647335706328,1.3473485627066935
2024-02-14,1.2877839180322332,-0.46994481969122714,1.1271864305811625,-0.8183966594385957,-0.9437717624772585,0.365278083298721,-0.03067047731500829,-0.2520979073493641
2024-02-15,-2.9743506426634494,-2.816547404340775,0.9708600037394793,0.17867109445156976,-0.057802439321017196,-0.15137195193724215,1.6515808863177521,-0.3471911443200487
2024-02-16,-1.83127819540314,-1.330410293448165,-1.164483895752205,0.26190636480763296,-0.7885577938326076,0.23076052946011272,-0.9111264215443604,0.4505239609447709
2024-02-20,-2.4982204816493185,0.8252496211349435,-2.6938394087503514,2.6670488360814035,1.6960639664837123,-1.1563523991111644,-0.9847555123552865,-2.032912603404698
2024-02-21,-1.7975030675262118,-1.062890911599428,-0.24689255350760203,0.889657513725998,-0.16807346706949156,-0.2728318864851934,1.9327999041929695,0.5802025678003226
2024-02-22,2.2530500601374763,0.6261260421950443,-0.12256073694289957,-0.5439317543776421,-0.7877560859733576,2.536343583248764,0.11872442018773866,2.3056230799504855
2024-02-23,-2.030652336778745,0.5702524590492754,0.3631861780141758,-0.8973294867339051,-0.3251708058719301,0.6696163908609739,-1.3672970943784566,-0.3839593901687558
2024-02-26,1.5605160855273141,0.44543339312302965,0.6551082947943855,0.2340803260006281,1.463829914072677,0.5439909657850106,0.7052865467541661,-0.6472936141896589
2024-02-27,1.4114594694727978,-0.8784358475924011,0.6347871139117636,0.7722465513266237,-0.25854612384971404,-0.11068689134690644,-0.15093150943144218,-1.2387323684643798
2024-02-28,-1.404652325949587,-0.7886195518028228,1.3342527758780542,1.0054978884577308,-0.2696055461270036,0.9695005265486983,-0.05887961853297018,-0.09328002615522807
2024-02-29,3.7468353779979044,-1.2896548679326711,0.44234005141818733,-0.3174143956076451,0.7255382381310126,-0.5061497929935417,0.09637370737624434,-2.023296898171554
2024-03-01,2.1246861045169974,-0.15380935694667341,-1.2986984268550694,-2.773208741583104,0.725973936849939,0.9362601659932568,0.507653333243532,0.28567437746016544
2024-03-04,0.5340686965167707,-0.6964492073181986,-0.39180666494641314,0.38100364087023386,2.071029373823142,2.885322406431433,-2.9845353213344334,-0.6376764389613344
2024-03-05,-2.5227457991128737,-2.4896162648064446,-0.38782304692495156,1.2352787045572107,-0.21038662493631496,0.19131397618302493,0.36963224470241224,0.10037316594358237
2024-03-06,-0.941714711683716,0.05511722483353257,-0.7003555975352711,-1.6995162648830333,0.6783610877300853,1.6809495696240035,-0.11335303633688137,0.5427710076562242
2024-03-07,2.9935604974524708,-0.48577426344406816,-1.2883352113927624,-0.28093755779917656,0.9281953340236555,0.2973632233148251,-0.6734391097950191,0.1769006851149621
2024-03-08,-2.410477642160252,-1.3609896355934792,2.6570353604066583,-0.3892815376720977,-2.0730087593429323,-1.9630208911568816,1.1608048938617954,-0.7643390981548988
2024-03-11,-3.279979410590713,-0.3185317000847919,-0.7449362999240805,0.29062579669538097,1.088170105557094,-1.3246787745169126,1.3898334531640564,-0.7686870192372394
2024-03-12,1.2333913064793518,1.5899414562486436,0.06918995811381268,-0.48365431071637005,0.638978114789023,1.0693936190244313,-3.156787311512729,2.7837309518946527
2024-03-13,-1.5439202633492393,-1.689285385977753,1.4394512471001877,0.47424172660552816,-0.6131553938437072,-0.8152992611885905,-0.5196767017930679,0.43600301810144376
2024-03-14,1.0202976853622747,0.8212239540263389,1.0516313819635288,0.20582066906463883,0.33559651791361905,-1.7861084754999843,1.3257313021047201,1.950928352430825
2024-03-15,-0.40598196418731797,-4.22087613635089,-1.748321856684097,1.3069432020166274,-1.0977519440795633,0.6928540793286085,-0.03350681181964946,-0.42717091886026726
2024-03-18,0.12090275734611251,0.556094842591787,0.5391373810576583,1.4000769518058445,-0.02367704789463612,-2.167828731188346,-0.7154765980464175,0.5311077335262875
2024-03-19,-1.6314298229467614,0.4411952164694412,1.1426296116423633,0.13899158651552745,-0.6281364607289666,0.1346690679288836,-0.9643269098090538,0.5120570693626074
2024-03-20,0.5749237973940127,-0.47394827994528277,-0.17773885530725184,1.6227537581000389,-0.10256115639655294,0.3984529362313352,-0.04333883269000331,-0.7101324917393325
2024-03-21,1.0173362180654237,-2.8427388707754284,-1.6028372461344915,0.4403520458128887,-0.7472857576368831,1.0051324875493,-0.3582499740792185,-0.36551708720680215
2024-03-22,2.1153741672420177,0.09648567309374174,-2.187789062252591,-0.5471112352851886,-0.10136015557041549,-1.7503858800671568,0.6014677074372407,-0.08427254873305776
2024-03-25,0.18608718964246537,-0.3833034002730733,-0.27934136532135373,-1.0501811661394158,0.016356100870613014,-2.3724623019030955,0.9231276244838417,-0.0562586765707767
2024-03-26,-1.004975190027546,0.2595977955183548,0.4806392916440677,-0.2297299759592043,-0.7570841178656715,0.062344127505504575,-0.515455775579995,-0.24952282701875197
2024-03-27,-3.654299092071725,-2.280261467173121,-1.9959270664293145,-0.4946348248239357,-1.045040540292936,-0.30953799066403226,-0.14008557867127472,-1.3151889210159908
2024-03-28,-0.9916286316138823,-0.27264994965558886,0.9497433677334715,-1.191388443533507,0.9364569116882332,-0.11057193207925518,0.7260076999770654,-0.10563494654601814
2024-04-01,2.9976704871967463,-0.6884956017343997,0.45559473743502754,-0.6332050816708192,-0.02552635248253786,-1.172465565127245,0.9202445356971615,1.9472626744725596
2024-04-02,0.6302101441575593,-0.6575687355812816,2.230413399425994,0.004018847445212474,-0.11647818106039852,-1.393789489999493,1.0931943230581038,0.47399797770738805
2024-04-03,3.1015250677250177,-2.5388100086047825,0.6568439551708384,-0.5312044827325932,-0.3649912340042776,0.6186376078374601,-1.0770099896779217,0.7562141910313674
2024-04-04,1.2793031246250612,0.1551815491054261,1.4169906924379148,1.84241639793303,1.295264848817214,-0.21689222275351722,-1.0585549401303813,-0.9045394092935082
2024-04-05,0.48245335674978623,-0.829906585685569,1.0813922798183901,-0.5178155149793491,-1.4438598383865777,0.08674745296206078,-0.5826129839669171,1.6567072076242506
2024-04-08,0.4970033500888286,0.14941144230545603,0.3631069300105703,0.6880543232445526,0.2426866884988646,0.9796943490836095,0.22567403339151862,-1.145833091832601
2024-04-09,-0.45911662461962727,0.622197709495435,-1.7222845312340171,-0.6721827989864028,2.1309541660516325,-0.5352390939634909,0.20850169982467517,-0.7511024286919661
2024-04-10,1.84176399110258,0.08377230510627257,-0.16575032804892886,1.401210868036766,0.03207886503883779,-2.0144199253178994,-0.12363575339948894,2.2487511968013685
2024-04-11,3.247723221537189,0.053500029424510785,-1.3832623799665182,0.5723054029073134,0.38501155105065665,-0.01455178297282269,1.5545280496649199,0.4791642140268482
2024-04-12,0.9774325998336092,2.8732011384943017,-0.5879382468053824,1.4701819368767464,0.10296499879913783,-0.08809313243410939,1.442577043854497,0.9487055175546228
2024-04-15,-1.5369156041261318,-1.5883580233415167,-1.2092794711992871,-0.6032019311744874,-0.2147807222781797,0.3794408904035007,-0.31805079928822183,-0.6309601430345197
2024-04-16,0.8426939751245631,1.6680869550865407,0.07155571338039896,-0.687882755167559,0.7642978653625202,1.3035983790327585,-0.03773469115586148,0.7551330483517007
2024-04-17,-3.729052917357961,1.0041744444200842,0.8606454277057007,1.0618709393736792,-0.09219295544120423,-0.4628258173049466,-0.35521461129213916,0.26936932640260886
2024-04-18,-2.525973058500445,-0.3446780877571004,-0.5401209269932798,0.5687966817572399,0.447446224770476,-1.0631836440407498,-0.3259428310980538,-0.9425873229657582
2024-04-19,-7.76443485992507,-1.511987631930528,0.5223648704560968,-0.4514395279179963,0.7799115243939406,-0.9631902524685799,-1.2906357744294368,-1.333627157236515
2024-04-22,-1.451226554891921,-0.7210051473001681,-0.9521797563417784,0.4799803872190228,-0.1354586432311872,-0.09227235951999711,0.21388297115515312,0.06100504167514381
2024-04-23,1.2037488753240904,-1.583095404966887,0.587496830148755,-0.6127823063161938,-2.558902420880867,0.2580611841077103,-0.22778535364875072,0.27377507596690853
2024-04-24,-0.6602372813943735,0.19414126518175495,-1.8969138152707177,1.3651289335449954,2.7170388195884603,0.3059480628366052,1.8250996207045536,-0.48084506961606804
2024-04-25,1.3878297366196126,0.4522829612427952,-1.2877029122584698,1.4073372474704777,0.3589049486842789,1.378420422885449,2.393551228347363,1.3216193853402398
2024-04-26,4.56066690127952,0.5722054192621226,-0.915300171912656,0.42698448513914644,-1.0963619017611415,-0.36258322107361396,-0.7921376360307236,-0.6477625203419667
2024-04-29,-0.02406817195346809,-1.3269853255582755,-2.61869436907959,-0.26544611737218443,0.861535453034326,-0.8149048025844935,1.4731006071658888,-1.6510321235913983
2024-04-30,-1.079252658841093,1.7623251382602816,-0.9615718349941437,-0.3650124598146748,-1.3003449374768028,1.3416861256607773,-0.3069240533193082,-0.607899755068757
2024-05-01,-2.6656740899107154,1.7936859307169535,-1.1762774815266863,-1.1585728653942893,-2.6790981631182333,-2.187727045777909,-1.1751170676346203,-1.3232280080453234
2024-05-02,2.2132286790657147,-0.0547939851768576,-0.8650565049767515,0.8086405764590511,1.085911756616796,-1.6586305697792696,0.22217368391195474,-1.1928861166888176
2024-05-03,0.5991407475088195,1.4027425897180248,-1.998389735330822,-0.5869083791288523,-0.37975304517307185,-0.38273365430629114,1.1471674761293587,-0.9408566913596244
2024-05-06,1.1989080874760896,-0.9778847958968321,1.4393019265440756,0.2444965537175314,-0.14400407132091078,0.44753125534981375,-0.28652699695017747,1.6535689961698101
2024-05-07,-1.7654673656577324,1.5525677510520497,-0.9169964697151922,0.11255861832693075,0.37140785533330056,1.127716166707327,0.1378440932617587,2.4244559152117877
2024-05-08,-0.6858983267949287,-1.0089376379218997,0.39868346459322324,-0.5272592072302065,-0.12427906613876899,0.19702310915041552,0.1241020885117673,-0.21424063788725672
2024-05-09,-2.021915275783533,-1.4125789487132134,-1.1561134746282802,1.107096495191637,-0.023136669529837513,-1.1588978601523892,0.30594555846280447,-0.07164968588546015
2024-05-10,-1.6636090553149652,0.45230048266015,-0.08040405931201171,0.4585835587749243,1.2915127979447387,1.05608237001682,0.5628874233665865,-0.35315274881737885
2024-05-13,0.41144317207057246,-0.05666203413285011,-0.5295219671318508,-0.9037811060727708,0.46605187018887784,-0.6251733738302557,1.2106216569299328,-0.06833323883959865
2024-05-14,1.8015888479570776,-1.2028981676814894,-1.1315347869572705,-1.107429257607664,0.20624527426534153,0.30708975560305524,-0.6542306245257539,-0.21345846060927254
2024-05-15,-0.070804484003462,0.9050424517994464,-1.300901300369183,-1.956787672422158,-0.5474161510845794,1.4113905867862315,0.27720843326442096,0.9326399641808479
2024-05-16,-2.0027666622330473,1.6558673825733166,-1.1375967120343051,2.547940131977892,1.179536374656578,-0.670306043123927,-0.9624971998029245,0.23020527340370764
2024-05-17,-0.3098509245324332,-0.9547609437586184,0.7907442292336927,0.10280359058871003,0.1992959833457223,-0.9178862049729417,0.05620661966650231,0.2714944839958362
2024-05-20,3.6610038280692616,1.586495531313341,-0.6564971577267594,-1.6241649432918956,0.4012624813857421,0.29965662995698,1.7222719553643282,0.1898112768457229
2024-05-21,-0.45245724828388467,-0.5649476003008369,-0.7341485006738089,1.3073798861696957,-0.27674495365575835,-0.045290558600835765,-1.6825808891392064,-0.27503958625481867
2024-05-22,-0.1799414844294241,1.1606179469376192,-0.4850607340845751,-0.7423219011488981,0.027661668618203503,1.1730175842000214,-0.4079123656164949,-0.4216141179806881
2024-05-23,3.956702414034991,-0.1051268107856052,0.5938741701631812,-0.8325773832351903,-0.8633539658646717,1.1529210141361728,-0.6493606778632535,0.7828029468321489
2024-05-24,1.7290209099287868,-2.9948744243631884,-1.6011568855382594,3.069820822760001,-0.3287591165593728,0.2138373642843788,0.707848123501394,0.37836366709130803
2024-05-28,4.704307260660625,-1.2807552682113466,0.09191689438432352,0.5285388540425932,1.939207423196222,-1.042963553941033,-0.35488171919934425,-0.18801917442903793
2024-05-29,1.6529724471817198,1.6855109161752735,0.6769035266183923,0.20654759356239483,-0.6954216534335435,-1.08515337106378,-0.2323781577629681,0.5443399285443745
2024-05-30,-4.575915998263881,-4.844833796183546,-4.001027150890515,4.368120328672813,-1.2950078096735262,0.7638692069437146,2.773003494884608,-0.3722847637752489
2024-05-31,-5.420312434346005,-0.76597096533998,1.065933641058778,-0.3626083888805584,0.464507071830078,-1.9587318776303444,-0.18649548323581353,-0.7317658406551057
2024-06-03,0.5285444107832468,2.0417463900431065,-2.441639720478576,-0.3852735589096487,-1.9714183534388958,0.1090087152081782,-0.878886935456664,0.7273809073309906
2024-06-04,-1.5403892335450926,3.3823000238218235,-1.1012439121447812,0.676542450004864,0.8291098389017326,0.8511090113519919,-0.7315992144760569,0.7603778192264269
2024-06-05,3.1500079187442296,0.7474769355764123,-0.8695009761415748,-0.7770093513965172,-0.3748766500719483,1.2378238186991786,0.8477113174697781,1.0294588990315867
2024-06-06,-0.9991943406130712,1.1515304846273715,0.3151033519972802,0.15671512824714046,0.23734772353888772,-0.6049112922703159,0.1746049821160768,0.9747601406033799
2024-06-07,0.6499825848093703,-1.1591545467831892,1.2645503105678715,-0.9914403959240629,-1.2427804614611109,0.33659559288099133,0.017099044215580103,0.7097690573339741
2024-06-10,1.1850928736342727,-0.4352228242458824,-0.554006422992973,-0.3938186314874456,-0.1388164187109862,-0.45967709110421356,-1.3198471360916941,-0.5297267981045177
2024-06-11,1.7833228387161855,2.723040937241782,-1.0998196517480872,0.8747146143095412,0.9421814716164532,-0.27598783690127954,1.522261537638846,0.5836982902790231
2024-06-12,4.849271053188685,0.1287793215170564,-1.2050268723258155,-0.5737583642118185,0.6889878479858871,1.4059668844678188,-3.040634262053207,-0.5740946710038076
2024-06-13,1.2382440915770325,0.22387384251869008,-1.727858560777149,0.34582542927833304,0.7243493719781663,2.2704011670755087,0.5526986364507481,0.9058166338141054
2024-06-14,0.7110073481505444,3.261074358738068,1.1478347011842898,-1.0606779745008066,1.0738348598163248,-0.5681270560501762,-0.5606916927711623,-0.18585643013369216
2024-06-17,0.8458212946478605,-0.9054547462120697,-0.9991610752235849,1.807138709317213,0.25974990654831354,0.7637529441504717,-0.3338908172468689,0.38289126580388844
2024-06-18,-0.7077017060913824,-0.8024184346396187,0.5682624369387455,-1.1744927870214126,-0.05255791636367355,1.0342189319697896,-0.41649264028903393,0.13228688933196656
2024-06-20,-3.1485326786066494,0.21270081795505857,3.8149676467913416,-2.1867885919426837,0.6766543237720801,-1.6294658865682314,-0.6691325473700226,0.06846222179678742
2024-06-21,-1.047442843665696,2.371664279964732,0.5613622724153563,0.12666297016359362,-0.30582858458451606,-0.7356911244658063,0.34870148462342215,-1.86231205650343
2024-06-24,-5.894030975854071,-1.2803493752958093,0.15356311173824203,-0.49586942126009614,-0.08422314127379989,-2.4025438676543263,0.0017056843264224531,1.8392175237805495
2024-06-25,3.9629846617042412,0.9409004472125375,0.10872962948555587,-0.33472554226498746,-0.15003812051094736,-1.4052117166746065,0.806008902649744,1.0418843589399351
2024-06-26,1.3870087658149859,1.569318582245782,-0.009905794295834446,2.173778628266123,-0.22512734822896416,-0.911291345218233,-0.7067921989810951,-0.5599282738494218
2024-06-27,2.0863955583011715,0.33559605640793605,0.30088764108092875,-1.2889780269314017,1.2435989187510408,-2.3440305593873365,-2.0289009295983913,-2.0050867369950676
2024-06-28,0.15707147746327632,-1.5647716069917204,0.5943189984791326,-2.381436304311464,2.5635256359388334,1.3826059650654068,-0.9036469223022533,-2.225665021718804
2024-07-01,2.743317550325671,-0.5148246657708262,0.19687483345812173,-1.1810462372974195,-1.4371838396398264,-1.510678400291812,-0.4678021015655481,2.209411659983193
2024-07-02,1.1609133967501126,-0.5046229757557742,1.4455430591120513,2.8717859182307004,0.03474286696732759,1.0130699309708104,0.641750292835696,0.4277283634909051
2024-07-03,1.9689815069545316,-0.2223179654409509,0.4555008546474125,0.9985751195779535,1.1493696700529625,0.8797614469253803,0.9868468841957316,-0.13171728388071482
2024-07-05,-0.4219636473744257,3.258288222729716,-2.458006789068735,1.7626791226313374,-1.0690718560436792,-1.0335669349861265,0.3333396563162661,0.9714247548112328
2024-07-08,1.8255625863578244,-1.4538534710033455,-1.2705698871200128,-0.4737033491044568,0.24789497333370866,1.6850710449809299,-0.6637077881694085,-1.282586533113418
2024-07-09,-0.16879039168618493,-0.7564864107476906,-0.7173812358068883,0.5890584584805233,-1.822279129988265,-0.3855314732644113,-0.11325746968431749,-0.7248087920906304
2024-07-10,-1.1102161920552014,-1.207320951367982,-3.7910587963233344,-0.6465228085203013,0.5252115213166731,-0.9710792831882039,-1.1036334250915836,-0.7870319059676988
2024-07-11,-5.653105417404152,-0.9899505012248482,1.6680706946080386,-2.2699973357092222,0.00954475572292032,1.1343582598490436,-0.7041300367179402,-1.0568239396377326
2024-07-12,-1.944966944854729,0.8830674265666564,0.4050850534617465,-1.4321935255987686,1.4166034821404085,1.6476546239548926,0.7732965150644637,-0.734108256530278
2024-07-15,-0.03985800364171452,-2.167747113380681,2.8263423116082307,-0.6644897350117289,0.5477617346454621,-0.5608844283832557,0.8944621652689919,-0.13654961234796442
2024-07-16,-4.246128148737553,-2.1226162649098876,0.3998410735692697,0.37239774876543436,0.880058788961949,1.562608098801835,-1.299474036412281,-3.60877116506474
2024-07-17,-10.744310833795607,0.6673585288445211,1.3961787645182129,0.4720889159368998,1.003196439016801,-1.252519094500242,0.007282525127522307,0.9341249768953036
2024-07-18,2.4191733429640023,-0.31001077448414316,0.018414380106960896,1.1319901417315634,2.745442161554631,0.18405562144414483,1.1965350419156262,0.17443699109402272
2024-07-19,-0.3112893988701656,2.0466517767158123,-0.5553772647514083,-0.5081453993852256,-1.85854491306827,-0.457772221305843,-1.7784962406151135,-0.3549403652851005
2024-07-22,2.82190093374308,0.7923055856328592,-0.6250964495242662,-0.5648557301490739,-1.0064066371290208,2.3653615693173657,1.2564677291806745,0.10174684989523645
2024-07-23,1.4692200429700477,0.6855068757857181,-0.177873139836829,0.0096652419868256,-1.3827081083528265,0.9822473405394412,-3.5825315592143085,1.241509636803343
2024-07-24,-7.118442138199794,0.31216200772818564,-2.0533701427282214,-3.770514775194667,1.4123624315031287,-2.3199380167084853,-0.5203992549197329,-1.3418455483946208
2024-07-25,-3.6210381641594047,-1.0012428353264458,1.0246894571980796,-3.166138239848228,1.4265204504778524,-0.38224080647937153,-0.19210309233463546,-0.8810719689362021
2024-07-26,-1.75434530932044,-0.5240784140845215,0.3308156590753691,0.5020559459229982,-0.7579781314893888,1.477555599869031,1.4564985754604514,-0.5718956667874604
2024-07-29,-0.41133512078689,1.0437987610280366,-0.023732969645807445,2.450764969038467,-0.9043479739561704,-0.10330452517805357,0.9008344723527532,-0.5691531419812585
2024-07-30,-2.796032438368703,-1.0893211110360557,4.286979462173966,0.055687399643021156,0.9728713783064596,-1.184486043929301,0.6448601595993473,-1.277843997259327
2024-07-31,6.091737438835492,-0.528542222031266,-0.5615626784630451,0.5730733346422293,1.9002026068000075,2.717328290703064,3.036003455931348,1.565188102780137
2024-08-01,-5.708642727903331,6.182912849494772,-1.126246522363539,1.6512676369907486,-4.302439217242198,-0.7137942884016215,-2.0497872033190707,1.7588710135376833
2024-08-02,-4.87216115025028,4.33603498000347,-3.1340532892516917,1.191711738633991,1.6473951490236651,2.2074788794955746,2.9704092710211367,1.3658555831408687
2024-08-05,4.130203616306371,-0.4110658367323157,-0.20443780334351894,-0.524343157284665,0.9054027623803867,0.5849952622020799,-0.49875447677601337,-3.4182460540511874
2024-08-06,0.17543907697679115,-1.3770979108007513,1.5311097549302985,0.9345682803508722,-0.6345101030958943,1.7018199222482886,-1.3564326532653526,-0.35835884206639645
2024-08-07,-1.2698024131191503,0.02684860729810412,1.9401936700035918,0.9481909555814251,0.4197639448938176,-1.3398098264040856,-0.03381089921050785,1.9761920260889656
2024-08-08,0.5747195265285717,-1.1580031532114679,-2.2818776429654672,-1.456893232744812,0.09692652255983261,0.029676837138963345,0.3787221732870831,0.7928334323355135
2024-08-09,0.7724889908980587,0.35429935167349424,0.28040029854248677,-0.08761321644166413,-0.4323815127819295,-0.976855727313892,-1.0719843700462708,1.2731705999613834
2024-08-12,1.535567035289937,-0.20142261378398527,-0.04422865223988696,0.2281212987500536,0.2547749081424205,0.07168404349550497,0.26185595357139296,0.7761371877675358
2024-08-13,1.9488504146444843,0.3197386428978821,-1.3313324609581692,-0.7107163629252202,-0.5300655608930795,0.776024847979083,0.35849636764775683,-0.4214412221545632
2024-08-14,-1.5528625342917426,-0.24893968858671067,0.45038747764751424,0.24404436204224733,0.05906526054763652,-0.0354583915953941,-1.092226281810656,0.43257952775409453
2024-08-15,1.3012162508467444,-0.7730280283983133,-0.3384147465468031,1.6794870236334172,2.6728541740737235,-0.0026960663640425596,0.10578258604636523,1.3190478227198563
2024-08-16,-0.6778751939876937,-0.40283299213822166,0.3851638553405257,0.9422901575862339,0.3790347617691896,-0.15965084398269486,-0.43802246578466353,-0.08048108571969899
2024-08-19,-0.21106294482156054,-0.041083368600260815,-0.7701093296787835,-0.5657985655773096,-0.13386212408218892,-1.0638355950364091,-0.16276788799279887,-0.833993936884707
2024-08-20,-0.9101314532162103,2.7158261895998628,-1.5995652025855378,0.40616899533558537,-1.0599630005248757,1.4675659809807136,-0.6202439918449513,0.24952945677728766
2024-08-21,-0.2296503112971562,-0.03789655299300611,-0.8300156231574094,0.263206569250714,0.615545030132421,0.4378461931440426,0.17543210478064641,-0.6403571107168251
2024-08-22,-2.5424781037851765,-0.9250695322516307,1.3566081323989119,0.3392672509050881,-0.12401662020367787,-0.3090220528068557,-0.5516921186035706,0.8517910701238685
2024-08-23,-0.04382593022204628,-2.859174152617318,-2.0615574328539967,-0.028265974956937584,0.8067281144417286,-0.20391349629547623,0.4608883065541697,-1.0560454185489156
2024-08-26,-3.0058751633510874,-0.06760900866335945,1.447156481561349,0.6239168262743964,1.1910236746702159,-0.9585298864473399,-0.32826287617063854,0.25467145986540213
2024-08-27,-0.4626171440437252,0.9018720216501528,0.6044247817392342,0.4172146727864572,0.4748878458587756,2.110651313822093,0.8813629719122041,0.3184158765420577
2024-08-28,-1.476811803658525,-0.8171806982514157,0.04638186083376571,-0.45388128317940496,-1.6685633088577256,0.44346303037044543,-0.6411702557320463,-0.5313908201086999
2024-08-29,-1.294364747140042,-0.41785283400943013,2.1839860877731425,0.4195991274188014,0.1361629074723079,0.02425809750796794,1.0830293264768502,1.5163229455745217
2024-08-30,-0.4269429511370773,-0.7133327316135247,-0.8960761856452619,0.13365709734134557,-0.6042548440031954,0.21720393982333183,-0.1890624099690602,0.24100187495384076
2024-09-03,-5.103034890971427,3.9329589724877576,1.510775500490226,1.6311432791693883,-0.30954620315371295,0.06373289065220751,-1.2118186086048235,0.2675361250656116
2024-09-04,-0.1055102701721646,1.123180440912337,-0.272638499099986,0.3497122872598767,0.10719849531133617,2.363379509509681,-0.010750911341993592,-0.3310271447282957
2024-09-05,3.278116948013533,1.206752968952363,-0.05284782270468756,0.5657578197210087,-0.3922308483997252,-1.3445298405237747,0.05852193917642219,-1.147721481608902
2024-09-06,-2.6015598180537607,2.1122674401395325,0.9200375752170754,-0.6517821950666458,0.06693881631695814,0.7814677164673094,0.49857100703233787,-0.26387056538159337
2024-09-09,-1.3500634420022906,-0.9603583756617852,0.5520482320491412,0.2863163832937898,0.23953172910885578,0.8291371498523067,1.2318868608763327,0.5259553556133392
2024-09-10,2.0617444365804327,3.147812169939069,-1.9315479446241282,-1.2834377713614549,-0.26207411654969054,2.1789736488696643,-2.3954284916937274,1.1479316209210222
2024-09-11,5.840233772337775,0.12066105868565077,-0.15544483106137702,-0.8495890729585498,0.7522259863882729,0.6264301800330868,-0.2765552856804257,0.615425482471323
2024-09-12,0.7527429060398405,0.47525570434350656,0.4724043069905041,0.9190234964049545,0.5548655302697887,-1.1020978193355149,-1.319624065216374,1.5933753597248665
2024-09-13,-0.6742829247918974,-1.4938331010997086,-1.4275936855393112,1.1014977014471683,0.17942535294255468,0.5252468873496919,0.09672655351583735,0.2772382271718281
2024-09-16,-3.435571368289694,-1.691242298507571,0.8114019434080885,-1.1765647302606632,-1.0546369412799619,0.46281571711303565,-1.5643160011245822,1.4362350589670023
2024-09-17,1.7445005794629356,-2.6766256016059904,1.1602503024926567,0.9066628857935471,-1.1436163062275828,-1.618739216711763,2.179673924845018,-0.5047624240374746
2024-09-18,0.4860922129913287,-1.3676153039768082,-0.3834922751204828,-0.3029450474237852,0.07965331089777063,-1.1300976946372814,-0.05834546649736454,-1.2827884220989845
2024-09-19,4.4545879823978165,-1.9354386902643528,0.16464467193421464,-1.4047649837346936,0.7765706491215474,-1.096321811717477,-0.02483252862773228,-2.0554519906083457
2024-09-20,-0.9163254980312873,0.8363008283572934,-0.2854151919737495,1.1119525566962876,0.5475322204643241,0.004457400243477775,-1.4000018617739023,1.2974951965872057
2024-09-23,-0.5551017868324163,-0.42377672349516426,0.7843744590489296,1.3256374718849386,1.691691198296101,-0.11681060502411944,0.9306352301407633,0.8379120828341197
2024-09-24,2.08080522290523,-1.5774823097518715,-2.053155195090723,-1.2796310021960728,1.3313943907480814,-1.5891603359669806,-2.014997463394023,-3.4375462070216565
2024-09-25,2.651997527812019,1.1827465995673982,0.20137626161468536,2.1050533003236986,0.8928386882279846,1.2632793054416376,-0.938866998354318,0.7490534943144597
2024-09-26,-0.14471238097230754,-0.13284096011298882,0.10752531628612806,-1.7828981453653479,0.11140374409082401,2.406030435261796,1.0035139480332171,-2.1604664085335266
2024-09-27,-2.1588396999738406,-1.8999534024885922,0.8921978053827373,0.3323760524776194,0.16651010792870194,-1.8005293726559182,1.7887454054825884,0.38627299480392957
2024-09-30,-0.7468933535006903,-0.22258833560704436,0.05080087694099815,-0.012057260150605185,0.23934520533449896,-1.0042875609188997,-0.6602248880046714,0.2941810008991418
2024-10-01,-1.802741994448593,-0.3825924786706893,0.5665684105644995,0.2895805912444369,0.15792319752732856,-1.1432406464446891,1.1664045438053567,1.0386159569893705
2024-10-02,1.2436592517432823,-0.5332709902231636,1.3285639324048857,-1.5333657860563894,1.5439464693944498,0.45159595732769814,0.28596875661558807,-0.737225354050878
2024-10-03,1.9156144660712773,0.20667514040259444,1.190641460522762,-0.5518881836137166,1.4168205070471873,0.32860584120470976,-0.051792734246971166,0.3751680885777452
2024-10-04,1.1239519564591474,-2.4308558627095582,1.5028985175592375,0.2987676327264891,-0.2755767183232357,-1.205874429327312,-0.9301964046707765,0.23366925981765282
2024-10-07,0.9279210935388466,-1.7355581153835404,-0.7012569447048487,-2.8238594923393006,0.28800939652720603,0.992594421013504,-0.33001666666617213,-0.11903687516685178
2024-10-08,0.9518293100290872,3.314046332524767,-0.3138248676081476,1.509614605995793,-0.35917304664866423,1.3949394282931187,-0.9883353740614781,-0.0034699080394196904
2024-10-09,-2.193430011687658,-0.4327957271700546,-1.1890556842024305,-0.8604787353793765,0.46980198143135915,0.33917431441047835,-0.48469043519972055,0.5512893181167229
2024-10-10,0.9065066439760299,-0.05113165849763064,1.2261556766104966,-0.22785106996887333,0.47591049638373284,-1.062597880839549,0.7374203164274129,0.6180402858790508
2024-10-11,-2.608476823636122,-2.878358387291923,0.4130015357836657,0.5599339743724564,-1.3437173472298418,0.24101075537854288,-1.590589639130221,-0.5026112626403828
2024-10-14,-0.5650360151010074,1.2256908576096297,-0.022817731732483835,0.38012492499290673,0.9096987136529998,1.0043515117426907,1.4022805132212017,-0.5912757447169416
2024-10-15,-1.890407486794019,2.2868415430187805,0.5217581326472664,2.2110231106306553,-1.8646049447158484,-0.05835063732943521,-1.4494244802795129,-1.0973822198070948
2024-10-16,-0.7836638979798378,-2.332373497570262,2.068319956799863,0.42659086761710396,0.2710603941067664,1.3377589320443657,0.32894460423609184,1.1951599762074123
2024-10-17,0.7225420508319833,-0.700561149165906,0.577659104521219,-0.47612066979363266,0.3358170166342599,0.2980189553767546,0.5221276077485979,0.671086387817678
2024-10-18,0.43220859808363354,1.5956119620052949,0.3970708508320526,1.0887240267512384,-0.3151661339363153,-1.0804669178458843,0.3250898071155227,0.05456367676153833
2024-10-21,3.4819723863494842,0.3423483964394778,0.9744654818520676,-0.2155314123706173,0.8180553920380197,-0.18049209476815076,-0.1505734753349985,1.047689679383612
2024-10-22,-1.4516795556056563,0.4987880563472541,-1.5860302528252115,1.0656552002614048,1.4215997418218531,-3.2052052396738713,-0.1697532725967531,1.2732641804561426
2024-10-23,-0.18787990715921332,-1.60375856995796,0.5910591777766709,-0.5185893875194005,0.2155111361795713,0.8584888849861605,-0.19407856479676405,-0.18956108945679184
2024-10-24,3.196512927008682,-1.2605282916772806,-1.3178528185439113,2.5230858840109796,-0.3938229620866498,-2.0459610633931176,2.006642910534318,-1.2489913453134183
2024-10-25,3.98449336141995,0.5772662405235189,0.10653589561606255,-0.6281892789457891,0.30073712060713825,-0.8901598382168139,1.1277784695271464,-0.2567364234118912
2024-10-28,-0.8777011957286652,-0.7078954582005832,0.33275568296024133,0.342212757720227,-1.1636815540156078,-0.24337033405986072,0.5174624573252677,-0.9451012904434569
2024-10-29,4.58493238052277,0.9664733255646192,0.19591148102427672,-0.9998267745735733,-0.18356352318104469,-0.17615217184237045,0.676617950408009,-0.26719193377395556
2024-10-30,-1.9063891697540571,0.4169799070338882,1.428435472643094,0.81115862771631,-3.422323498586435,-0.8928701540787365,1.358772824834419,2.4277682171478068
2024-10-31,-2.5534717435082572,-0.6056881186409444,0.3193293852326426,-0.22813577002566185,1.687821987943454,-1.3776455480887397,0.4621253422077343,-3.2728425699362087
2024-11-01,1.1049708347367857,0.439233723375746,1.4491037128622477,-0.5808381764534258,0.008469511044325693,-0.035483896550763824,-0.10886339223828294,0.439013746600896
2024-11-04,0.8247531628487162,0.5544648237226898,0.38897118253576773,0.24788688053529748,2.587871861698452,0.10017470014998592,0.5376233935287542,0.8527948985602808
2024-11-05,-0.08959544169868323,-0.28940913778622224,-0.8421263331424124,0.8348409797242559,-0.43544493401862483,-0.2830721838849206,-1.392478772442599,0.08994330199200179
2024-11-06,2.943700701025527,-8.784497408339458,7.703276254039947,-0.892708139090018,-0.4828362851033102,0.2658781543236408,0.11329284790145404,-0.09772002505409412
2024-11-07,2.871038620167317,3.9783919424521574,-1.9671252693524257,-0.17015829217534245,0.6657071014306407,0.038958176524703535,-0.3978276808970696,0.08504899811043586
2024-11-08,-1.9899882027316425,1.5170731586172694,-0.7207842516829275,2.085804077922438,-0.030627095634116103,0.6808901070525709,-0.9907776884197935,0.7902694276822576
2024-11-11,2.350083868473982,-0.16003354558513838,5.201446339947592,2.0799751723616806,0.8164248550646993,0.533728267714862,-1.2365974810802742,-2.329544360944623
2024-11-12,2.3820057971003754,1.728671252080672,2.952624808128051,1.6503547549989261,1.4404897245955117,-0.6211280413752013,-1.254202966412957,0.6777685893428225
2024-11-13,-1.2264784004930827,0.8737983576951767,1.3367577599930769,-0.6803343845539332,0.5347552333577021,-1.9393853229429716,-1.5814342297921802,-0.9236106666534847
2024-11-14,0.32924868666034895,-1.2057487397134616,1.433376626044015,1.8472967487530654,1.0556143714888173,-1.4127304590524903,1.7376048272499247,-0.8284965301036714
2024-11-15,-0.2566175848606843,-3.4492169600156455,3.380168486457955,3.7695527931563264,0.02576893369313423,0.9993095917388252,-0.061141032933630164,-1.492183554738197
2024-11-18,0.32317470298306566,-0.8127278273646423,-0.9693384416316889,1.3840874171259436,1.3132743514061929,-0.3128416261788792,1.3002354781657248,0.6721769026257173
2024-11-19,1.7357832606060115,1.5414890698016412,-1.4962150691796885,0.7521776323317081,-1.1079499843928482,-0.3755817716467242,-1.553661447217439,1.4508149091044038
2024-11-20,-2.4410684003279055,0.8300761190791616,-0.6610191048786138,-1.9274880493891307,0.6340689600548642,-2.2355571553367817,-1.3389514554989672,0.594747624771722
2024-11-21,-3.5381817905269233,0.4763768542482777,0.33457767918602055,-1.1657174090521552,1.638029794109079,1.3046542959594967,-0.8670731385325147,-0.5475083335063445
2024-11-22,-2.254352164193156,-1.0268783994493027,-1.198469039884488,1.295958211769775,0.21546250494248148,0.30617187615888486,-0.7366677896682206,-0.21454981485927566
2024-11-25,-1.7323241543188646,0.290552813052532,-0.8278372225207037,0.05150757633255224,-1.5520461907133973,1.8021941874232708,0.6549060640864232,-1.101432698401355
2024-11-26,0.35501890181731544,1.3136373471028295,0.13109637953684128,0.7952852635734794,-0.2069206859176978,-0.7559865225610826,-2.6073883765835504,2.0799347440487206
2024-11-27,-2.1012861830458545,-0.06606602809232738,0.03554165941401627,0.2409234673955758,-1.9034946740838525,-0.03363211084427856,1.826146561066942,-0.6186722676311429
2024-11-29,0.4835393322161552,0.3465214079505697,-0.9949918949164548,0.08036403192120091,0.29030805705832213,0.023588035461944608,0.42011512578249716,-0.4622133354811207
2024-12-02,3.214824396461037,1.1376517255387923,-0.4917913445603819,0.5740971974273983,0.2667331731750752,-0.488766611697975,1.2837237618487216,0.2634408563212348
2024-12-03,2.3519894351268573,0.7225370412754907,-0.8819251596119315,-0.40572677094036885,-0.40467049744820754,-1.045347816262749,-0.965720358191864,0.48577473834921575
2024-12-04,4.269703895998803,3.2612559112235844,1.401645710658155,-1.1119066909454534,0.35546722669220426,0.6526282280482543,-2.937642926899492,-0.9802459954562388
2024-12-05,-0.9229112243155464,0.3631546764566049,0.2689654905634673,1.1541563908486778,0.28343336205305075,-2.293815960222508,0.04618629223075803,0.9742847679539599
2024-12-06,2.270710214696808,1.0088459137413501,1.090097827958367,0.41320986838570417,-1.5331279711168073,1.0963400645286983,-1.0445278019756397,-0.8184155445696267
2024-12-09,0.7711175214579433,0.9972415738111668,-2.0004989212295183,-2.3421371647654907,-0.5064082196609219,0.09672446122310598,1.3252414060053377,0.5949737313425482
2024-12-10,-0.7814229080668406,1.6900530140242025,1.7512490994835088,2.6739775645919948,-0.48590486322320126,-0.8323903321820137,1.4538619599606029,-0.010100413371072911
2024-12-11,5.532922834751126,0.5763481449245217,1.79151177940281,0.7306183275337447,-0.5572107160050521,-0.3077940304231619,0.4172726123406889,-0.10097229271740284
2024-12-12,-1.3852597591267621,-0.4393321989036274,-1.130326088230166,1.3151020057074947,-0.08319100059654154,-0.32120191832486816,1.0203164118862844,0.5144833400451312
2024-12-13,1.6541830997091287,-0.7370985148336161,-2.6742921602405,-0.6391285055732857,0.3114067656448916,1.8646505380342424,0.38848669037734385,0.7290969084706544
2024-12-16,4.808908007977236,1.6051158039232734,0.1999573729718301,1.703851943023501,-1.2750139869664405,0.9474613866747349,-0.3968115374672918,0.5005369256324155
2024-12-17,-1.8301796742938952,0.6826994817075864,-0.559709815749894,-0.6058951023821901,-1.3726305597349129,-0.35140547883116374,1.2571517340065084,0.08893498118656157
2024-12-18,0.6423635576153768,0.9679331258799517,-0.6705956194258806,-0.4109387653557978,0.606022818130306,0.9208276953706407,1.0746832430388478,-0.5905318254909055
2024-12-19,0.7132822578540671,0.1882979293286364,2.5368119180523157,-0.9157042709458697,-1.9281667545006194,1.5301743682970124,-0.7070475215934443,0.8519094063241608
2024-12-20,-1.203874349892316,-1.4817433556166402,0.0730589486929546,-0.9182102984507962,-0.4609077047498555,0.10023267555234057,0.6044673732009251,-0.7248704378220928
2024-12-23,1.5918150048033541,-0.8584918258974037,-1.9109475596620877,-1.8575930319291205,-1.5282466589638986,0.26946701913206333,1.5589589858190513,0.5534458394306287
2024-12-24,-0.49924772823554486,-0.11417513190025326,-0.055379859042198123,1.4566937310712083,0.22515993485330774,0.07019161996676722,-0.3346502926432163,0.26494542886463646
2024-12-26,-0.21435569614768282,-0.30463920133526257,0.19474370543632938,-0.03877308289859909,0.30086142232576824,0.4809338053194474,-0.24630713936300008,0.3482008312365636
2024-12-27,-0.4945806775463887,-0.4347541134042844,0.02781814558947604,-0.9625238675795266,0.2352510267880082,0.32500275364651987,0.8976321690514725,-0.812911725632322
2024-12-30,1.6707180619893047,-0.15132579168561744,1.0639142939475914,-0.7592676430290214,0.03749931618497213,-0.051125369699712465,-0.12453597597456179,-0.6965670937724775
2024-12-31,-2.4288939786753114,-0.659955641308856,0.34511375885818585,-1.0264166989165608,0.33667026293979097,-0.6554197590068441,0.8381908832846626,0.11013025896944541
2025-01-02,0.6147731044065876,-1.0669566491131464,0.08434348277196312,-1.1642336942858145,-0.6296123666813583,-0.4512243323851552,-0.600957290073394,0.010766356613705175
2025-01-03,1.0006964576308046,-1.3999715865481526,-0.755442774060817,-0.6163085446092733,-0.21652364328941923,0.04528677626198181,-0.2829190459222706,-0.4529119673205366
2025-01-06,4.073423632958623,-1.1269387500074344,-0.6872467608410205,-0.8880304188780271,-0.8083590804123668,-1.057304629758751,-0.1871225575216426,-0.6656039803246746
2025-01-07,-3.560913006124446,-1.4939962721776163,0.2985177998082763,-2.187349412331665,-0.23931526202544598,-0.27240314323721004,0.6728375957116802,-0.5164835686900299
2025-01-08,-0.6908786106823872,1.2875218200309635,0.443184129717535,1.1061472471539464,0.7319501042083942,1.3392158000661174,-0.8634541334308455,0.3387239047843718
2025-01-10,1.633158139441588,-0.18407581482297222,-0.831537881520056,-0.8672809766203574,0.5373935252344508,-1.067992918997066,0.29575596044984537,-0.9497262847790952
2025-01-13,-2.8913827787789153,-1.8509449254246355,-1.103929504087702,-2.371212929046354,-0.2414027387364524,-0.6660309703043416,1.5272303065707835,-0.33882220583667383
2025-01-14,-0.912142690727809,-2.1692383056303015,2.1934157815993376,0.5921510570525346,1.7891943287865577,1.8131821282148857,-0.033803742125414545,-0.7563737040938822
2025-01-15,1.4112139520554499,-1.5549039776738482,1.1881071081228924,2.2716615600832877,-0.8470255021845748,0.10824897613714665,0.41729811151359997,0.7469652106538626
2025-01-16,-3.216609872427974,0.5038435133283076,0.3824385554121227,-1.569161680562747,-0.7603720281779045,0.9198348037045879,-1.6733571658796629,0.7813049099752797
2025-01-17,1.0962158182370398,-1.012546583496514,-0.08694633711550394,2.2554700256023983,2.5292581248997643,-0.3252002100553584,0.36023325489417557,0.24817753005754256
2025-01-21,-0.5957931772474416,-0.16304668581901613,-0.32136779520762104,-0.6101083553619427,-1.0818677881520058,2.357818622281768,-2.3687743084490958,-0.6608001381526313
2025-01-22,4.394217944640158,2.6180093558836193,0.2941701453171785,0.3832291356094788,-0.30140149349755496,-0.1262821209311115,-1.3928658226971506,1.5293640885257884
2025-01-23,-1.8449834120152662,-1.5430321585429552,-0.13072180079605186,0.038994334018427036,-1.564942544368925,0.43082520459268847,-0.18725064611168063,0.028511300295544672
2025-01-24,-1.2316200685913283,1.1938602819217208,0.7192452341528176,0.8797071252924396,-1.1081454800336767,-0.8618961592686066,-1.2507224991567902,0.378494695483208
2025-01-27,-12.017155821557347,4.384612626631432,0.498851480031233,2.1210562739121266,-1.6809721048464876,-2.666865456119524,3.8448871868728074,-3.9698124690345855
2025-01-28,5.704981437214292,1.1493354620964067,1.5877164560348744,-1.4276871696563382,-1.3498938459598753,0.19353882543724027,-1.5954129295251849,1.8279492024289465
2025-01-29,-0.9830167962124888,-0.9098772949858962,-0.33088990443249117,0.9732091775352795,0.24571988930213548,-0.1821883618676003,0.8037819701237494,1.0620440732766467
2025-01-30,-3.171292565179126,0.590503494988549,-0.433134554636892,-2.8692527862139765,0.3473091531147356,5.605193265701146,-0.7515712416131853,3.1294655622608323
2025-01-31,1.498503980963539,1.4114865607690152,-1.1613486616761621,0.0922636448616892,-1.6104762502911312,0.6564763510927726,-0.5694483100300213,-1.3381650869569686
2025-02-03,-2.822570179838255,1.4224839072259583,0.574233598946912,0.3991325035980192,0.09888069628567348,0.9167861599875423,-0.07115168622285196,1.9024006456993023
2025-02-04,3.1143861809834554,-1.7213412678829996,1.3502309110656918,0.8975738505442645,2.967305265312973,-2.077904226811633,-0.16129201770735452,-0.017621060379029975
2025-02-05,-2.8985350646666364,0.3954611349711907,-1.1762128716373903,-0.852354597223477,0.7286113640180908,1.6437439225543355,-0.47957956463239654,1.2158659104170924
2025-02-06,-0.8947857304350347,-1.123379749810195,-0.5358574829359297,4.673519509117399,-0.5564253602521503,-0.6631392339250913,-1.3245626047695822,0.6359788775227432
2025-02-07,-0.5813795282654476,-0.2971638788824378,0.8661838532290769,-1.0731241006985797,0.7380031888897112,0.6850769225406099,-0.1321623144488712,0.7610622226156697
2025-02-10,-0.08426214008733504,1.452911582817251,-0.8646846850321952,1.357575990078682,3.3312490492735267,-0.72230992306935,0.9303760737996649,1.795215849456326
2025-02-11,-3.463437000700276,0.7967709369550469,0.32877346570559596,0.9594874167499856,1.1866378674431093,0.41698976992711473,-0.515632103903518,-0.4018395385634321
2025-02-12,0.642033547082707,1.5698401053131572,-0.6820800322592413,1.6504260089488942,-0.5059592124799241,0.35600435161464694,0.6538138509207204,0.6032753422082882
2025-02-13,-0.7569362534003223,0.19637775552727815,-0.28064395042659557,1.3327026035131648,1.0131181897954518,-0.40522498302890214,-0.11045574763099872,0.22787827455449747
2025-02-14,2.7842110662946813,-1.8764630731883325,1.7357952258843985,-0.7470996739687213,0.9856250908750593,-0.6998693735470498,0.49304207188040905,-0.39874605889609377
2025-02-18,-1.1039699613908072,-1.264920013661036,0.3448325691317001,-0.8835073191928812,0.44552980153851157,0.5867291151062374,1.2310726556461242,1.1095939754616948
2025-02-19,-1.3449203583842655,0.18455775765173624,-2.2206494026944523,-1.5252863434902246,0.024125621788862968,-0.8129792176344776,1.1360161377867963,0.3268034298274819
2025-02-20,-0.8589596514092346,0.015182684018595169,-2.387509961185154,-3.3669561525573704,-0.16353109464893945,-0.8283636953431913,3.5401147081802407,-0.6023356026111134
2025-02-21,-4.070751090661555,1.6692833523763642,-2.787185408213776,0.813549621952643,-0.9885032210267725,-0.7253424106960425,1.6851830333910678,0.2738703074622982
2025-02-24,-3.479456249535161,-0.2890272507239208,0.7789199439352811,-1.2712524812139046,-1.2109591692751664,-0.9483249682846795,0.8248343952006837,-0.10732434016509887
2025-02-25,-4.508216888430737,1.7504454305885293,-2.5288618205951168,1.5997201539062262,0.4966152118332232,1.7930480857699627,-0.5552615633518783,0.0904804264626001
2025-02-26,5.082637634486933,0.18430298588178498,3.3137225228521068,-1.9540094974052427,-0.3975440666973379,0.5130368443653552,-1.2001471271917163,-0.16095316331990756
2025-02-27,-5.358018580816705,-1.0022084550181898,1.5902143014891328,1.5570167437401041,-0.4513792636515954,-0.3261397818373457,0.7886273557175325,0.47025146569109805
2025-02-28,-1.5779953991905213,-1.6298318692859102,-0.03155366743056455,1.5218895967789292,-1.4426823442954209,-0.6107971114640715,0.4811349872935899,0.3504573554253847
2025-03-03,-3.3208332274085914,2.9920832437718716,-1.3212368909158685,0.625081540192676,-1.3446148579139985,1.0283486500420542,0.5943604734299301,-0.8067525025482328
2025-03-04,4.649399872128703,2.0011708196321,-1.923087701584223,-3.0711900470395723,2.0267043268357297,-0.13803789045863238,1.2337048006300075,-0.40703244634957025
2025-03-05,1.1174689988198254,1.2326697897937093,-0.8803170720095375,-0.48628981793899606,-1.5230893274845008,0.6661710991695455,-1.085096696699436,-0.12504215800296595
2025-03-06,-3.6443452372591962,-0.6246540223106176,-1.417218337619804,-2.3681352630245653,1.682650041428279,-1.2519580872294362,1.6027657992340054,-0.9305365847220552
2025-03-07,-0.41566319896092946,-2.560113565540445,-1.04592603721278,-3.396364181374501,1.3731969653415828,-0.32845226988220355,2.540215248149539,-0.2504413665364592
2025-03-10,-3.3444552311911258,-0.6806815700151866,-0.25107702156549666,-2.2740389670472103,0.6315480498342517,-0.17310492078240308,1.959854775882225,0.13710253692500293
2025-03-11,4.613757484471901,1.437652666802778,0.17404977595933316,0.36468277105592156,-0.9699668381238153,-1.2609947976532145,-1.5569086409826307,-0.010978086063019536
2025-03-12,5.908327491691027,-0.8563498593478781,2.37272760160045,-1.0266183391250208,-1.2274586679359738,0.008559753597031459,-0.6872958495717176,0.7708401560516476
2025-03-13,-1.9460433969379551,-2.824071471520296,-1.023270122900492,-0.7716206172633528,-0.8593349935966345,1.0938082751760805,0.9023753738381856,1.1720832475480363
2025-03-14,0.8138349752239423,-1.4260790371285876,1.5832059868975925,-0.25864344732367106,0.2908337686586022,-1.5777027440876423,-0.017522111673430613,0.0027599171725564576
2025-03-17,-3.2161171360657117,-0.22626523856455716,-0.20984559981481854,0.20335033366698943,1.4790080721967447,0.24112041062591413,-0.5943680099848475,0.7716490854060369
2025-03-18,-1.2263381000370466,-1.3600055983306745,1.2702295707845317,-1.970466333814722,-0.8842906593045503,0.02069430588381374,1.7761460811600895,-1.1241174205630984
2025-03-19,1.108765152680934,-1.4664229155488242,0.9984138057119908,1.1111944552566575,0.7077277914571003,-0.27061834911756444,-0.25917268806268257,1.2017616263947346
2025-03-20,0.044083906533141363,-0.7071769236452248,-0.6758011760634406,0.5979101986481065,-1.2329273110269212,-0.9995993090327809,1.024776120324551,0.1109390188428343
2025-03-21,1.85610059279913,0.5699363727067469,0.6207167161349473,0.01908279984958725,-0.12531265134111289,-0.9643493783921518,-0.5375948082690696,-0.6632782547924764
2025-03-24,1.8901510002944306,-0.8008320467228555,0.25498092002807093,1.770417369371772,-0.4816098625775027,0.7490955108118114,-0.18462416144688398,-0.25931928864354875
2025-03-25,2.9092546930286103,-0.3315380912586844,3.908681286346005,1.8039956881089156,1.1599426030491438,-0.6068332662714566,-0.04956985543185551,-0.9989569745175353
2025-03-26,-5.242277928689467,0.05117296815985412,-0.14642677286193498,1.3245807983834912,2.7984687189543798,0.40493567675988223,1.160248393535643,-0.27063295551142535
2025-03-27,-1.9383272344530733,1.5669288985866332,0.3288297741842365,1.9770236721816221,-0.5570025685918656,0.4601858794442177,1.224881006422066,0.6803726724495249
2025-03-28,-1.7564471504621633,0.3771414319928694,-2.2530751555323216,-2.4384121034313835,0.9511853125372405,0.22303839394194205,0.02953432271293274,0.10719047792432566
2025-03-31,-4.167082537139377,0.2149868317201109,-0.2051440177569504,1.211941910125456,1.2087449456190058,0.9259745665172832,0.46526944838798523,0.21567381815691236
2025-04-01,3.716525493903713,0.10649142946940225,1.7504266653621778,2.9417821957391133,2.7338937906814578,0.12256356084125959,-1.6001484950085894,0.9197433391874463
2025-04-02,0.8844867489995346,0.19597351010785413,-0.17328440950615326,-0.4690996721199667,-0.4542997254978986,0.3159567891298662,-0.9886148219707396,-1.1781156411024323
2025-04-03,-5.5657226439025855,7.507244764953725,-4.2383885212984875,1.6208635003596716,-0.4767522014676211,2.2671539012179722,0.5585883170886403,1.4204121081186818
2025-04-04,8.817937933689366,3.094559892575705,-0.665060635548534,-0.05493892474488277,0.16676749606015145,0.8529146072902998,-2.364592672369713,-3.9428425540343777
2025-04-07,3.8482076491741664,-1.4856523602890046,1.2720183850143825,0.020466836368474343,-1.4520113357328996,-0.5120512981604863,-0.8139306684905316,-0.18298870794687266
2025-04-08,1.3589017752264105,0.8658354851868576,2.6876078937853656,1.637236150935441,-0.2974783672147196,0.9925644992157363,-2.6881306631259383,0.1787925242642098
2025-04-09,2.4590081560641575,-2.8483900830666307,-0.7660703248385826,1.724465610079996,1.0699658835576864,-0.855610129834632,1.693756354551183,1.554226322264752
2025-04-10,-0.3730377170697221,3.34295923432971,-0.8676394945426027,4.364206117977545,0.9628164610666479,2.8437824853971945,-2.9387143732207304,-0.3008272408669771
2025-04-11,-1.936869941206346,-0.3754963429485413,-0.4114259555149175,-0.35296180218822704,-0.9278609613604093,-0.08167752537574195,0.5065800447304774,2.3645339688081117
2025-04-14,-3.116630988450197,0.39831040271241813,-1.6849255163885082,-0.09335988606131249,-0.025074825243944155,0.48343278003775825,-0.4213274100964071,-0.299903080626759
2025-04-15,0.7223996417228911,-0.7885884121588856,1.4680996879237656,-0.21807082986834167,-0.5461788893172213,0.2716866520504553,0.6767668721791749,-0.10800253503216001
2025-04-16,0.06218286875588006,-0.558903239053557,2.083712011919753,-0.42319712321628755,1.5036737486564475,0.482563518522172,0.6387765474353775,-0.026871021931761465
2025-04-17,-2.9583087468116664,-0.2185405178338162,-1.7106601879631518,1.9238088275262468,0.6485768963256349,-2.217772986293667,0.1684679941360251,0.21456067348884225
2025-04-21,1.140857380855659,-0.1498590978359385,-0.028884557628997724,-0.2660060728733958,-0.6424199936550409,-0.06453530939240543,0.8752120699624484,-1.4875962517768393
2025-04-22,-2.5255653710732964,-0.4460661505457434,1.4585481910343314,1.0740196231443724,-0.9647605745276076,-0.6647147920950744,-0.11277150686176131,0.9179699969635478
2025-04-23,3.0316850429911737,-0.8349581629657381,0.9183506240136177,0.006050522057745044,-0.7833712757801812,-0.42584841297180764,-0.7634616254128304,0.08228977397366548
2025-04-24,4.500876129907381,-1.6638153992641704,1.1826181524356383,-1.855159520896764,-1.3021284158049893,-1.456587002399748,0.785547906884596,0.445569894016645
2025-04-25,1.3123201051964044,0.3825939348253739,-0.7815188251409155,-1.5222434674129433,-1.314260782470811,-1.136484885093296,0.2878456566544506,0.2664274921208869
2025-04-28,-1.0309239442943516,-0.36652863469397745,-0.23843214003994898,-0.6769416113082274,-0.23555027068489706,-0.10642460298011328,0.12690071805418415,0.7605097566215882
2025-04-29,-1.4306496332579768,0.9875501992875605,0.21248046352039265,-0.8156740696372462,-1.076467317103089,0.27906014517754785,-0.32381068377942124,-0.040802093615904464
2025-04-30,-1.4199384406686093,1.4092108947476598,-0.5982201724329987,-0.22077212709763397,-0.8776811032369924,2.1360793999670293,0.07695600490507601,-0.16371625835519577
2025-05-01,4.714564772427498,-0.3671316315132923,2.8192799879478274,1.7768445286864114,0.4871576592865314,-1.6512673917934575,-2.6625635279830635,1.605494475232196
2025-05-02,-0.5829403648803843,-1.330184579231398,0.8440201218363103,-0.7885580231047977,-0.14277082051506862,0.5876203347965344,-0.703811270713264,0.37116698562792383
2025-05-05,0.994262068842868,1.1219755627657744,0.24421344909240633,0.15988799454881794,-0.12741411137229836,2.198101434373555,-0.9671733706901471,-0.1464675441555365
2025-05-06,1.8048006132633214,-0.48886523207921245,2.2913117869398385,2.8497435745936497,3.130784537361089,-0.13603571312503246,0.17664405255279828,-0.24589611395357522
2025-05-07,-1.126776437042934,-0.31976170639047685,0.9205379200693609,-0.15179722701033818,0.14133180152805597,0.3504145324924148,0.7170353501004353,-1.7466109158872039
2025-05-08,2.4769688056076924,-1.6030940097648816,1.9862495948301833,-0.42924685033675786,0.164671543486645,0.0876414460784072,-0.019464909982790962,-1.1160688246954944
2025-05-09,1.6802231581978846,-1.5144291492711082,1.106571897081614,1.0515169230309953,1.4263836242007608,0.06955654365672628,1.2655882618438614,-0.2537816357337705
2025-05-12,1.4455317126101799,-1.3108495841912366,-1.6336337792199862,-3.728715817127489,-2.109849183348384,-0.849734266547581,0.5524338285407288,-1.9697909943129996
2025-05-13,5.039873939475056,-2.5326096821794013,2.262821308208505,1.0665142012419861,0.7348141486263273,-0.22257300733135987,-0.49392220814580085,-0.03386362824084131
2025-05-14,4.270957841069311,-0.583313859757055,1.864793147769267,3.606564671765732,1.6396880292228044,0.005694421544354491,-0.7259084503172627,-0.34301519271332837
2025-05-15,-5.189080770679103,0.9091482250653348,-1.3857543220246207,0.14061230173274547,0.9087128170522056,0.6181428212991597,0.3019383285348481,0.9396294073518727
2025-05-16,-1.753077838064257,0.7429115975163344,-1.2188352858283569,-0.2872646842072919,-1.1697891228613906,-0.36147996923902764,-0.05969746158603348,-0.11863425155271065
2025-05-19,-1.2474224331981518,1.1258061016206826,-0.9540671360904684,-0.6066366726388266,-1.060423987930563,1.1320468304226845,-0.16681508415731572,0.45570198836725434
2025-05-20,-0.39263841058275334,0.4722087932640793,-0.6985821369719534,-0.7638783822574235,-0.5234268171796744,0.43055384992340756,-0.14186509687665283,-0.6757082758292534
2025-05-21,1.7933256617660676,0.5611072582962825,-0.3904856351222186,1.0885051608826777,0.48566879726696177,-0.9450506630589646,0.00734082602313151,0.001911298166751598
2025-05-22,0.8215283484865831,0.3331926356913893,0.46566430358723093,-0.6291341436101135,-1.0983739128667531,-0.480054317981278,-0.16393278690222385,0.5188166331462187
2025-05-23,-1.0294673164796477,-0.11514266688044936,-0.05665425142633729,-0.6180143094424582,0.4568801810952918,-0.4294125423222138,-0.6011142843428262,0.12770465452700655
2025-05-27,-0.15959425656746776,-0.37953926848893255,-0.2692116336996937,-0.3791006321128555,-0.783821899067006,0.14485793263474125,0.03554315442970877,-0.5090351921080403
2025-05-28,1.5165304440082643,0.4552430391093715,0.4714204744330503,0.2644382275218477,-0.11200944261349033,0.9681636393307964,-0.09527509488275941,-0.07229010527455876
2025-05-29,-0.9691906927107514,-0.627926853748154,-0.8467962830504162,-0.8081079722544701,-0.5573571602370408,0.1251438547356304,0.8106248165929375,0.28344066258145934
2025-05-30,-1.9011949429486117,1.4657010294642328,-0.5911979191675476,1.0691666602462073,-0.49008807355437334,-0.17348727176905687,-0.4603596412841943,1.0233811797971137
2025-06-02,0.959264988520234,-0.527930285891924,-0.8335467039754197,0.1226010855176751,0.8553167972994937,-0.4562700847136914,-0.4689907713075651,1.1288470599606664
2025-06-03,0.7386021191570303,-1.1248368657698955,-0.29304477666612677,-1.0296953923803576,0.9365016894243987,0.5480397087488325,0.5076475516492921,-0.4931742459974849
2025-06-04,1.0998748667525964,1.0584594110828953,-0.20637845022689316,-0.49518061387915063,-1.3538380152452867,0.847186965688191,0.4623745796631867,0.006225479847476308
2025-06-05,0.7177969898334985,-0.11340482746275848,1.6193359591978895,-1.6396725783572772,-0.5833953109389342,-0.0299833729085004,-0.580588338816702,0.39628883100557505
2025-06-06,-0.9342642380736569,-1.0976540366512635,0.4900947753825886,-1.1004300649571819,-0.4663755797219512,-1.9917559213123714,0.3575151142749426,0.4742399439449933
2025-06-09,0.9334831065191913,-1.2801728848042508,-1.3845365863325596,-1.8357335281006975,0.07195384189319598,-0.47732563970965974,0.7326746547631466,-0.9341484431172545
2025-06-10,-1.1659284825508902,-0.5666600628101712,-0.8341711589464177,-1.364323411368088,-0.37532685918417835,-1.1143382043056023,1.9166987649886142,-0.6168550217502369
2025-06-11,0.06134932278174105,-1.0946962563941667,1.1173587748608549,-1.4079988103086367,0.04465303456603789,-0.07539241317191994,0.5413957640772157,1.2266599795587492
2025-06-12,-0.9707262302787258,0.6562735438117867,-1.6768001343689702,-1.72211665320719,0.5174421714644886,-0.3174414026572698,-1.658890784634128,1.5300086531613923
2025-06-13,1.2963281524510866,-1.515638200893042,-1.6031481348770835,-1.0196150151110581,0.9609689581026928,-2.8384932688294464,-2.2594454840848694,0.5114145533610485
2025-06-16,2.077473508027106,-0.5686619790482731,1.1482948213400355,-0.4864820141927207,0.12231293473452909,0.06304489832335626,0.7945263706756502,-0.37109165685605283
2025-06-17,2.002172003171332,-1.4017325574796333,2.061919438738523,0.7843549972348252,1.4976686666500214,-0.11946733587134409,0.2883527770377134,1.4588982373615882
2025-06-18,1.342484154898244,-1.5087287791425341,-2.324667121255778,-0.9186565232946499,0.6562554410082193,-1.1616500356929929,-2.916018837941477,-1.6248282553486872
2025-06-20,-0.2565232254358013,-1.2603091489764569,-0.75555978837128,0.799139970509654,0.7773360644050815,-0.7528073679931968,0.4688381467007433,-0.5666974611673185
2025-06-23,-0.3651990691029764,0.854685010781698,0.6124159594555927,1.9455217142304424,0.07441447177851215,2.6994601774782256,-1.7061041522459595,-0.15440571421575464
2025-06-24,0.015139354416951509,0.7622714708186323,0.03488519058546668,-0.30080836104369924,-1.7240349135742576,2.0899404576856546,-0.016910029915938964,-0.25890711047003473
2025-06-25,2.6081044522862338,-0.8333894555128236,-0.6780459531362707,-1.755510662931488,-1.2310504355891356,-0.4318881011184808,-0.004413180292984166,-0.9571689451391477
2025-06-26,0.9430178221550402,-1.2664490776441504,0.5721600014309264,-0.4734541852909954,0.05748272003643356,-1.3753131012339876,-0.1607143822673397,-0.46225852177060645
2025-06-27,-0.38500866483220175,1.1846548662752563,-0.3633314129005074,2.415652039936152,0.06341319719443032,-0.3455314698357509,0.1868118980283332,-0.6010088439935519
2025-06-30,-1.1094424207904543,0.35197848450776764,0.6524561319395897,-0.024952654732631054,-0.19553771317484048,1.5220042992262346,-0.14022726738095295,1.0110849494446745
2025-07-01,-4.927688096772585,0.36834287700944063,-1.7276106229486756,-2.3342014858727214,-0.5516333065447423,-0.5184318678768665,1.2711509694357015,-1.6632475516939114
2025-07-02,1.3068511212479246,-1.7578792178732758,-1.7821384682457053,-1.4884575321125613,0.011891052491481842,-0.6355944377587508,0.9509252093872961,0.15873705637311017
2025-07-03,0.1900765151107849,-0.17729627354583613,1.21590484442511,0.15259515325073594,0.28668677090152506,-0.1309031990765017,-0.8221427371313466,1.0653279804862443
2025-07-07,0.5086175987425791,0.8768692893756829,0.26081232772088403,0.8110821962580701,0.2734358347961828,0.05753628859583409,-0.8818537490643875,0.7267999465144719
2025-07-08,0.4061751509649968,-0.2208126300407585,-0.4239024954106088,-3.7097073206435227,1.2218931684398404,-1.263876740178114,2.442656095108172,-0.10101676800904051
2025-07-09,0.7691004680236545,-0.8806096512921358,-1.0215864533678265,0.4511325059729569,-1.5565553424027738,0.0012203003459173006,0.03266961101252584,1.5114691083054745
2025-07-10,-1.266964552944507,-1.8375327214278165,-2.178577153840524,-0.37376998187485594,-1.142676080226942,-0.10665984865318916,1.0094901452807383,-0.6011020841885075
2025-07-11,1.4708954148839892,-0.6040584721139235,-1.3315965055493288,0.13041843208397746,0.13618444399884957,-0.8927574238017404,-0.14620721768779224,-0.2925721746034099
2025-07-14,0.4790395138739637,0.4229135765842519,0.7030428498289476,1.358998784964126,-0.94160690850197,0.20517996048303463,-0.8296370336135042,-0.1872285280120654
2025-07-15,3.7892358326609803,-0.2657692910056464,0.1702105667027144,0.6008818297426616,0.8547570364254273,0.4973318238642333,-0.010704195711156285,1.528282552159113
2025-07-16,-1.924817175454582,0.10171812722999905,-1.3710295789183697,-1.6040813145415378,-1.584634954254839,0.21201208456679402,0.27364774470097913,0.646437862255834
2025-07-17,-1.0761818228468476,0.8431192862585233,-0.126790990404693,0.7832153180598058,1.5939224440658697,-0.3551778748578775,-0.8555906926785976,-0.9111766729593191
2025-07-18,1.1758284383649673,-0.12991773767109047,0.23919126047835704,0.5583460339898749,-0.6978563332648013,1.353716608847323,-0.8017552947015794,-0.9437966426475228
2025-07-21,0.8579567049793563,0.2206489142908619,0.49749654362484336,1.3258894777268082,0.3440728675770596,-0.542290010776309,0.49708011390730855,-0.4846223928184169
2025-07-22,-3.050055678253287,0.6640179883632139,-1.4811466016011214,-2.8958217482107864,-1.8877250767899878,0.12305399091369493,1.2662202121844528,-2.4482660930297464
2025-07-23,-1.407314259024193,-0.4314864447397902,0.6135240942610223,-3.016697990070389,-2.5470698490865815,-0.6175004100756178,-1.4285715949084419,0.3054609391000103
2025-07-24,1.299182089403636,-0.16375939640536707,-0.14984018613752856,-0.1868867950608265,-1.1049053884078568,-1.036501049576918,0.669688836987262,0.6501389367360996
2025-07-25,0.3970845870677521,0.06849700962845792,0.20373215158221486,0.19599300066649483,-0.41613944639938844,1.4868444056009624,-0.5673059113920019,0.9231143960053247
2025-07-28,2.6268109769478296,-0.6559500468342601,0.27232754376536716,-0.44324270124516313,0.9058292177530245,0.2634967566970507,0.6576080899744546,-0.3413029667128496
2025-07-29,-0.7887713115836489,0.3744304688442413,-0.9514980125370754,0.4196303451059912,2.2962839066491307,0.009040461422999475,0.14736054139240312,-0.13337473924011753
2025-07-30,1.9948754155141384,-0.8818206714799987,0.35085812424308316,0.3577354132088205,-0.772115288055319,0.47472271077154315,-0.7994347634593605,0.538601716962467
2025-07-31,2.6156263568342757,0.76326920406896,2.206666902742997,2.9951670529203285,-1.1099840406418158,-1.3557993961856354,-1.9170902711627722,1.4545706788722865
2025-08-01,-3.005318931677416,0.9675144356530846,-3.7823608928098733,0.013489901243089067,0.10667074378916627,0.9784237432155175,0.9918248065035408,-0.19091839741821645
2025-08-04,0.31141570662501145,0.3972320913146404,-0.9065345361716065,0.03619290310209339,-1.4727671280601324,1.5481641125816512,-1.059635128387234,0.21397699980331494
2025-08-05,-1.2029002641894528,-1.0641189739791757,-1.833199210145882,-1.274931320414566,-0.7680918038045675,-0.7186292978463246,0.7408218217089267,-0.49120328760714105
2025-08-06,0.4571983806145356,2.204703779860941,0.21822483127157608,4.827267456244285,2.852390053435696,-0.46382898489739866,-1.0603738657335846,1.5099200560146362
2025-08-07,0.19603118777443285,0.3228876148144624,-3.3072377881410193,1.2222780634475618,1.485418787349895,-0.2014718562119774,1.4029984132300575,-0.41151043871106086
2025-08-08,-0.4695825497798575,-0.8212168501089281,-0.4003306582676942,0.7779757625394281,-0.5772127371466165,-0.8067660273874692,1.4950003629636883,0.8312397211745128
2025-08-11,-0.4252913424810356,-0.0933311787291234,-1.4442647131549724,1.473207577463031,-1.2587879654689726,0.4096271278804159,-0.2799917323487432,0.24054341693709816
2025-08-12,0.47828024084663523,-1.1551722279319734,-0.5266873026326674,-0.3643017545321229,-0.15636281342182567,0.2624299607784247,0.5289145254675184,-1.772874038531693
2025-08-13,-2.2714891056107542,0.8863202184004788,0.3432268461340755,-2.7989123864713235,-0.5341755792933116,-0.17673813855690448,2.7560752184557304,-2.517073445361221
2025-08-14,0.16095606316950434,-0.3788611514260163,0.5309928476307135,-0.24183472629345187,-1.992668488264955,-0.31228757786213573,0.5686911051631832,0.5882557654751802
2025-08-15,-1.6398712642532762,2.325408714189845,-0.5540756953345901,-2.192921530720179,-0.6693517152719178,-1.2144052468202913,0.9077539555860568,-0.5902725813650707
2025-08-18,0.1374151554977218,-0.6074990894580985,0.5391005271598337,-0.04495708386612742,0.49517793592795084,0.10735002374797593,-0.5168269206247614,-0.1476311589580092
2025-08-19,-4.338111412572778,0.7759269792115748,-0.42145621598016436,0.18211119526122135,0.2950500088924393,0.5621551074518835,0.13562384657864343,-2.4850673108820014
2025-08-20,-2.0259154422256294,-0.9419701223774724,0.04727578984648392,0.3177075935189313,0.7718745583542239,0.49692427749182494,0.17875892167857058,1.2340632022601299
2025-08-21,-0.14623921633351616,-1.0510195887827933,0.6688246410319405,-1.7602426681325962,-0.8936091776822461,-0.8224704016509851,1.4138109049714647,0.3098299006853974
2025-08-22,0.504828477726044,-2.1286104619285275,0.2017950215055634,-0.8619065128144864,-0.9252085415622697,-0.36003200293996973,0.9497401135915683,-1.6020293395567575
2025-08-25,2.64576620003974,-0.6340517284951114,1.3993460561778008,0.45868878571135197,0.4530478094602135,-0.5509067063758523,0.2439661415495382,-0.21411831065514128
2025-08-26,0.21063091660941463,-1.4300098805770902,-0.45059648744740916,-0.026156753122158607,-0.799410011139395,0.9226127018302026,-0.4644318342139797,0.6756216351924931
2025-08-27,-0.07314696321066716,0.13699410578183926,0.5329878814451023,-0.6698216310139828,1.17730733999583,-0.5476188337562414,-0.2324222255210574,-0.18255273334227382
2025-08-28,1.3629161937308896,-0.5204038824252425,0.6692951849672275,0.046063441618357376,0.45895341933815664,-0.3233598931175541,-0.7083066561870034,0.6410454735296055
2025-08-29,-3.274674944270843,1.2424100878038424,0.49634995019032147,-0.10464360035103502,-0.25536073666383974,-0.8807069534462993,1.1346542907838972,-0.7994912517093119
2025-09-02,-1.5363886233815593,-0.06533517121477418,-1.2759590559198102,0.32284933643445796,-0.31292793075595493,-0.9785459641862764,0.3031973315331435,0.2557492804195032
2025-09-03,1.998413229565869,1.9466447453064737,-0.20740109593187406,1.5435740612581363,-1.181377893242615,-0.1523164073456188,-0.7818622660841522,-0.010532745724552853
2025-09-04,0.48148419021412603,-1.1599315859405277,-0.12580060384154948,1.3777442318379554,-1.3196872894358036,-0.34530666306293245,-1.173967150115365,0.08038465673755268
2025-09-05,0.7634486783950275,2.154778379140717,-2.014831911123252,-1.397265505819866,0.44457210154877436,1.059513578482683,-1.3276586384485358,-2.14059182797242
2025-09-08,1.3707074920357571,0.6682736076697445,1.1461327035199382,-0.4185623936510282,1.2156867805106777,0.48112181064909915,-1.0348135985008826,0.6439133556330048
2025-09-09,-0.49193016069345286,-0.1480600305029887,-0.4440386175172405,-0.024601609157685764,-0.4336826294372129,-0.8239393478797483,-0.8540284987686291,1.4249624424907839
2025-09-10,2.3168915468359224,-3.559801056955055,-1.3660694073067514,-2.781061971827295,1.585305935664709,1.2249938953661934,-3.6299739655516987,4.2094238283208405
2025-09-11,-3.1770786807530005,0.02607836819917967,-0.5974459850331939,0.04505298665748057,-1.2906645142287798,0.863564392565119,1.033577789536076,-1.3655128626220359
2025-09-12,2.638321479897531,-0.47240840038138365,-0.5816476540164368,2.226226336911129,0.5784370545004074,-0.4571073134703136,0.12927249134795615,-0.23708702906670096
2025-09-15,2.5553930681930264,-0.5103333095601845,0.8939830608616245,-0.26078865313385763,-0.8640661759227409,-0.6045594920785249,-0.9643101543886132,0.8366680640167116
2025-09-16,-0.08789898444471002,-0.7982069006884306,0.3567592265602793,-0.32018059691280587,0.013820222056174215,-0.6544587757174257,0.4834467772289279,0.43959061739738337
2025-09-17,-2.6706433632372155,0.6836490718950338,1.2514845904962046,0.44194201087662255,0.9204085137686389,0.07976388884218398,1.1406629040496354,0.3149841644831462
2025-09-18,2.763972227952841,-2.0306979489309165,-1.1010805755164361,-2.670590212840051,-0.2914970064160591,-0.12905459910646105,-1.0652779421446852,-0.9029136296439609
2025-09-19,0.15141835906178863,0.9449879525467847,-0.07256303671926762,-0.2647604567409788,-1.2524927271335642,0.02674987364763807,-0.27012308400228396,0.337646962632101
2025-09-22,1.4547896356723677,-0.09960799889155779,0.34324680191493573,-0.9748220071940111,0.701906087822519,0.9425248884844335,0.35883578383513043,0.6890022035419532
2025-09-23,-1.4895359262609416,-1.377660128578488,-1.582258342497376,-0.2928437090527323,1.405445150791083,-0.8379014792755941,0.508542401499533,-0.7817031487388245
2025-09-24,0.25428246284286105,-0.5216531135102439,0.34423866001026343,0.39200333430532025,1.0298017446932286,-0.339919947551762,0.8385723524423181,-0.713201054370479
2025-09-25,0.4257797010136086,-0.8334015132107276,1.0561493805622495,0.9003067758765383,1.9695040897265288,-0.38615000051924125,-0.08174510366760207,0.44161260083741666
2025-09-26,-0.9576388824357,0.07656690031712632,0.6610406149505748,-1.4908256527684889,-0.8895718334787981,-0.4782050185546664,0.49700002161723594,-1.1722936258752303
2025-09-29,-0.1474961469439262,1.2162657960369574,0.1003048043354732,-0.026832074137392904,-1.563023975466184,1.216248731485933,-0.5438319373961282,-0.15114209305083526
2025-09-30,-2.781236813249525,-0.24103311055250579,-4.08634603981235,-3.4701422783491958,-3.419034971739978,0.4956174235225608,0.6498175158921734,1.057670927247078
2025-10-01,-2.3721339452462544,0.8264094609790095,-3.941408633958842,-5.81603522716769,-4.582175346442671,0.04199447933664948,1.4311817244471516,2.1299205529143297
2025-10-02,2.0937310898067234,0.2490220574087921,0.34427714770092327,-0.4836123358209107,0.5761911593670132,0.9183317370103858,0.5749179358659317,-0.31284511547210647
2025-10-03,-1.8217812727589027,-0.3267702059932351,0.45475929800605364,-1.024608241947129,-0.13865171185557223,0.09555186150403512,0.19015947550552362,-0.26103039646586657
2025-10-06,3.4010090831262283,-0.579472608523874,0.5871912009804082,-0.38927144242428025,0.9600276004034489,-0.2602245776137152,0.43619636866423805,0.6608249978670564
2025-10-07,-1.739927373553041,0.6608981605281051,-0.09512416786918858,0.8264570150033662,0.3357198095091144,0.4846283107310715,-0.021938404979098228,1.1445880388538703
2025-10-08,3.0700496661547985,-0.634176193993953,-0.7475330698922958,-0.4196109102527495,0.9454999098673398,0.37876985859064893,0.5559266015828395,0.0784246124280008
2025-10-09,-0.03179511627952554,1.886870653473488,-1.3476503375091722,0.22373811103152658,0.15552785975112865,-0.740091947249804,-1.9496743951597548,0.46083955122901354
2025-10-10,-2.881001242445821,2.0572908459289603,-0.06330643389635984,2.1434661628128473,0.1799333194015621,0.2292622560900483,-0.7707735735578399,-0.11433061797478125
2025-10-13,2.4083516487337855,-1.7939352595990559,0.06973629084923882,-0.6860362150697873,1.0541139056297393,-0.3344228373536656,0.3206549034292345,-0.37666592066281834
2025-10-14,-3.1590511269084485,-0.5008169632332723,-0.283019055699014,2.8005132482182007,1.239204923145325,0.7434775028179196,-0.38681688409473086,-0.6159698458654026
2025-10-15,1.2793717770938164,-1.9565721418524262,-1.3268830392128161,0.10714981079777719,-0.10611308726125246,-0.099881714819997,-1.3726012333353887,-0.2835915505910773
2025-10-16,1.2346207648583465,0.9864909503906604,-2.0871029359136837,-1.8797852093895469,0.35146669223830995,-0.4896336501317491,-0.11551772297483386,-0.7932345023405617
2025-10-17,-2.390608501633848,0.9720537498538402,0.5307626841249401,1.0222327520562697,0.5085460838512001,-0.1553369715196317,1.6398462599804693,-0.01745853098628672
2025-10-20,0.26953707243004577,0.31067939336534367,0.8663583948246462,-1.0196146088943594,-0.7441506878624643,-1.1884442668745077,1.4226469080189927,-0.6822130514971818
2025-10-21,-0.36498119464247136,2.6181570940088137,1.7480856233348532,-0.8142192289678725,0.344918861637747,0.40739497255799745,0.9269426997724032,-1.5197325218253028
2025-10-22,-1.6621156032408397,0.25106067398955617,-0.449452904283203,-0.5008911586480389,1.2779269348619102,0.39985864972876084,-0.8963880141811978,1.6088692249299097
2025-10-23,1.4066796083143207,-1.1827074679808816,0.6128500240258898,-0.5193876530417548,-0.37182526484682393,0.07126784547144956,0.032837578875697514,0.4450829152012922
2025-10-24,0.8348417558417865,-0.47768115895871055,0.29557357534597617,-0.9478166633590591,-0.35343469021229185,1.0629876785740648,-1.6129935864848675,0.6212489382566966
2025-10-27,2.2146694823040254,-0.6491826248912685,-0.4556188356390802,-0.466963262682443,0.2101526196343676,0.4754765563401936,0.8524623257715915,-0.8052657547358576
2025-10-28,2.5331780285868475,0.5057510343757016,0.34734740888452326,-0.35564318513366583,0.02148502381060378,0.1407091014479083,-0.978815227491643,0.42795169715571185
2025-10-29,3.7042096960456803,-4.574467318658017,-1.2401122386754293,-1.0864639160309963,-1.2072338879096116,-1.6998689675954068,-0.4170802911414906,1.0819542360297654
2025-10-30,-3.136502226675962,0.8652382017539867,0.4754120099883035,-0.6421272480609,0.4367421378816515,2.191837174686748,-0.3931776035488614,-0.847558731831487
2025-10-31,1.737497752016817,-0.0968971808815264,0.44188963388397307,-1.1882224235179892,-0.45914041909102415,-2.590256196866577,0.0880399112843576,-1.9221813583628873
2025-11-03,3.025893393543393,0.7339112002524694,0.08178847025989633,0.37994490722054186,0.20838889559196141,0.43674582876230056,-1.6653088927431208,-0.41213719568788065
2025-11-04,-4.03543505346351,0.8227364364262219,0.4693355575099605,2.03203572173953,-0.9706491359617037,0.006658597147406757,1.0755868585155353,0.30605667194051295
2025-11-05,-0.22833836775064092,-0.8335969528976666,-1.5697406455294942,-1.8135115505946997,-0.8547415992519769,-0.12532114697246718,1.5253132950900936,-0.6517514862978662
2025-11-06,-2.439673064359059,-1.782022653530997,-0.08175400002805869,-0.3540680472079944,-1.0571193388966449,-0.5158831774475284,-0.3626609569765161,1.056947948396838
2025-11-07,-2.512243394455743,0.3098615092737781,0.18162257414428862,0.42251457054857594,0.9002754578613628,-0.9000385149187566,0.1431322124391267,-0.1292826146425831
2025-11-10,2.0281681701479624,-0.7230909463473759,-0.7556615328504694,-0.9162694702605193,-1.0114611369347237,-1.1866237473773806,-0.36954104439563723,0.959784144932773
2025-11-11,-4.8128818073914506,1.5394232580103255,-1.664492929601843,-1.1181036727111988,-1.6128876389129712,-1.3500683818888244,1.5355619313047777,-0.46977263895795396
2025-11-12,-0.6472714763165001,-0.35601753552140336,-0.13021630715621424,-1.5284855232341117,-0.14752308119801452,1.3492004938354598,0.6123159520670838,-0.6710204966847284
2025-11-13,-2.268232028619122,1.5533106819270648,-0.9581829814137902,-0.589187948650723,1.9786319550867226,-0.1987886811069385,0.7386993347052907,1.5316554074744768
2025-11-14,1.1424610049361819,0.24147109751672016,-0.7424510602447714,-1.2050220401925855,1.8095411227473714,-1.0022344628482915,-0.9603601685638198,1.2982398564235886
2025-11-17,0.17166233931114674,0.7281247250428744,-1.7417434077482248,0.04713027487814044,-1.450055391678884,-1.1937916087702936,-0.4461530556092877,0.14519647276384542
2025-11-18,-1.7882536327298144,-0.1628767345231269,-0.4058163322101189,-1.7470163710503022,-0.39035962527030815,-1.922442258227013,1.322063727224186,0.3100806781552209
2025-11-19,1.0638933373061952,-1.1739921074116624,-0.35004951776346616,0.3660143877333443,-0.770878396533948,2.043580742719629,-0.7807459257912315,0.9681257660012624
2025-11-20,-2.2484519489398975,1.9323035166304678,-0.034893528117634444,2.057753811765844,0.8580186282234509,0.10756474866513147,-0.5350001317141987,0.10210275138576404
2025-11-21,-2.8315968725357297,1.5864917207547742,0.19045071289733137,-1.095493654780703,-0.5256962579537816,0.5916794915389695,1.9537685305435855,-2.5446182767118075
2025-11-24,4.555586488375904,-1.9102703486478059,-1.3174250187740943,-0.6108607776152187,-2.107478255810816,-0.48403742010933964,0.3190326527004156,1.8919293671104218
2025-11-25,-3.0085484987045867,1.1845242153453828,-0.7743434195777201,0.47707278817508264,-2.123241815144735,0.09457403096390042,-1.0357963328763498,-0.9878937538641821
2025-11-26,0.2695410323970335,-1.2266505992539687,-1.3858968839900583,1.5262722282413754,1.022699546125638,0.42404719216416187,-0.7837376957126557,0.09172420211471816
2025-11-28,-0.05764385609560684,-0.5030668185540946,1.0642566593219156,0.6072899553861522,0.924042858518984,-0.5202142140686221,0.09429774846039614,-0.34353623347390266
2025-12-01,1.7912478470612307,1.0256222274854063,1.3586237194183843,0.22663837936047218,2.189799481228042,-1.1261694190671376,0.3994971550513533,-1.5319964052738602
2025-12-02,1.710558362437201,-0.057021270681941905,-0.028031761714347528,-0.07325854702386372,0.3881700428874909,0.5040070647812904,0.4190530582322086,-0.5275331972428164
2025-12-03,-1.9884175936387778,-0.8257110507168063,0.3165860642941268,-1.6753743012977855,1.5161554549698062,1.133607854249239,0.5291929526560515,-1.6438599296590382
2025-12-04,2.2605127061016987,-0.6564336549153912,1.716782618302126,-1.159351780417265,0.29379832251214155,-0.44180145190450626,-1.585258177395375,-0.3939509984555083
2025-12-05,1.63498624083326,1.5369685848188273,1.833821214987149,-0.2723493540951491,0.7427461561909676,0.5428129852373837,0.042896232242686544,-0.8068640687463627
2025-12-08,2.0898304823342504,-1.0032769694348367,0.2798097363321568,-0.44618987883565203,0.7665315793293086,0.6073135604306584,-1.135051838004344,0.6033640577030732
2025-12-09,1.040278691715757,1.4563275688065382,0.29803141206424905,0.4623488921931896,2.5566838109096737,-0.408352598064428,0.39307580722274554,0.7916059521359761
2025-12-10,-2.1175593971492614,-2.1322334768534477,-0.6557064041249011,-1.8727841557935674,0.185955949159749,-0.3427998926650688,0.6702726868598139,-2.244272944916138
2025-12-11,-2.6376916459177036,-0.006348764278856385,2.6942537468913406,1.826515033050605,-2.3128031243400256,1.9309475216415637,2.523125229705438,0.13301905588617244
2025-12-12,-4.405727196755262,1.70756491728997,0.98965810039792,2.3090636985236332,-1.1690497838930023,0.5521397621929077,0.32743235764547146,-0.6260597655513322
2025-12-15,-3.0461441389837276,-0.6618181936586488,-1.4644210819032235,-0.3600914840906345,-1.8644053018759792,-0.5887111420269052,0.335475511767297,-0.7661649074011891
2025-12-16,2.552580766335106,1.1728124567110036,0.769578901831758,1.5802562625259917,-0.1157750257852972,0.22436716750633381,0.19461589705242938,-1.4273099436194578
2025-12-17,-3.1502813623858166,1.927205351451477,1.8877794127364727,0.75908712583253,1.3700680192135135,-1.3515005588607958,0.4274139191975094,-0.8520532077886556
2025-12-18,2.692505497048659,-0.182120346306917,-0.14780256416641738,0.12083049860422171,-1.4629139351618716,-0.20624807947534143,0.07112558343746661,0.3857666569197238
2025-12-19,1.943980347199908,-1.007555088063269,0.2777227360072767,-1.927630725290972,-0.5822929319042265,1.2216997662510107,-0.41581549451521804,2.2214581432802007
2025-12-22,-0.5196618918828042,-1.5236246626353587,0.9507094691987424,-1.3050952101343436,-1.075555480473194,0.027488703819017645,-0.07551817736448724,0.3369710957383608
2025-12-23,1.1700501771707401,-0.8257560377814158,0.6750227321485348,-0.025326075702441886,-0.4611484846265893,-0.31997510696360393,0.2746450187485838,0.47942134802934927
2025-12-24,-1.1279364147823001,0.3866068034742436,-0.365427145231882,0.6245310637685044,-0.17422306956205927,-0.18819305205923761,-0.2642216757928894,-0.19387508907050652
2025-12-26,0.2843542875055572,0.7476707704441552,0.005943710483436065,-0.5108627258064072,0.22025641159988538,0.47204777059173714,-0.1919359185723713,-0.08397172788551929
2025-12-29,-0.6228988501212919,0.556049931118385,0.33408079413757247,-0.20604406209285966,0.7158045344540359,-0.7341096472152832,0.6131692361326564,0.20802417518304148
2025-12-30,0.22245201719319155,-0.33339528585011385,0.3381655643520968,0.12884916522682244,0.08650947491095722,-0.5465368445880869,0.3062963219922876,-0.04605571225000316
2025-12-31,0.48177888244628425,0.15985362202137776,-0.04035083696147358,0.01347688830888981,0.06499233386529574,-0.48331685570478367,0.09834704665468826,-0.3120516543254206
2026-01-02,-0.12263449657991021,-5.216122859242386,-2.9363704405294375,-0.7466819766362843,-0.38000644617081386,0.38582057471235764,0.29673856569204093,0.35531650379039414
2026-01-05,0.8450219234512595,-2.186114765449055,3.8055594987988615,0.08308454035951642,0.9964416601892678,-0.4854099176473765,0.31585599699321937,-0.5347015964413492
2026-01-06,-0.007159580394831522,1.9973308148711717,-0.016118910960667233,-1.3436671305137207,-1.6230875864820236,3.6758188618669614,-0.4767061358051688,-1.7595438144589925
2026-01-07,0.45871075902965297,2.9632553184189527,-0.8467450715895709,-1.4986034304180471,-2.040387870129233,-1.0032368363174817,0.577746831529231,0.31182423755292066
2026-01-08,-2.837702272147902,-0.10281943632608899,0.3681318303065209,2.5859255164495725,3.65250386599409,-1.1130897082325382,-0.2735538206487061,-1.4110408305607463
2026-01-09,-0.18070707182056928,-0.9207854915946809,-0.8921545746853767,1.3071623278831344,1.4603090121496654,-0.14356482622585975,-1.328812957619131,-0.608415909734575
2026-01-12,-1.0064990797421334,0.5365526859094588,-2.327504291129557,0.6597271161224659,1.4510938287414472,-0.5009644527332413,-2.226306263017217,0.659961135482971
2026-01-13,-0.48912064730035293,-1.4601553226909847,-5.162857560584025,1.5562384512184209,1.8811920805041746,-1.5447552808609277,-0.7153536628663254,0.17949356530607002
2026-01-14,-3.7548160953037,0.035199297678363044,-1.5366138840750536,-1.493561748977248,1.1665341666716709,-0.4482033458257365,2.3233813209924,0.06820844083508458
2026-01-15,0.7848437872008861,-0.7477779508762783,-0.6138575485355141,0.7941539493797494,-0.4756417228650196,0.2611244929355255,-0.355341038646968,-0.668311649703648
2026-01-16,0.31040941429233154,-1.2943926088820417,-0.37043731871767,0.7759056409267727,0.542121406071365,0.9596767054054506,-1.0936680588445056,1.021759965761459
2026-01-20,-1.5577474795900177,0.9881008160545539,-2.041578109035468,0.5667771723243793,-0.15719813638429356,-1.3092209494074345,2.106198869729187,-0.2959748085938346
2026-01-21,-0.8967830724440135,-0.9011969409342773,-1.4238433598715385,-1.4773511345155308,0.395612852296278,0.039350712000520156,0.7242622059347388,-2.102913989223989
2026-01-22,0.5647109803534821,2.007888009281684,1.2160527728709154,-1.014257247714075,-0.0159957622201636,-0.5019684979416515,0.6922799673249173,-0.5157368766924512
2026-01-23,0.5323052274307742,2.63300883459772,-0.5927609736153997,1.1402285073455731,1.0889055954866373,-1.410332901648932,0.1901355722930521,0.7750100053693855
2026-01-26,-0.7788468458336232,-0.4691342718165696,0.17546313965427723,-0.07694075763593931,0.17548069585199688,-0.18352743590118473,-0.500674190062368,0.4317389127155668
2026-01-27,0.8245121844767358,-0.9315034037135446,-1.8248721264749486,0.3626776025590665,0.06063552257470515,-2.037915544970594,0.4275977296928544,1.4106508068653516
2026-01-28,1.4531396351378378,-1.037556732320725,0.1385777170079788,0.553326338060979,1.661603065608634,0.7286686733291198,1.5755098086404065,0.31332082090935004
2026-01-29,-3.3017979644292135,-4.8220067569631375,-0.21032960427680833,2.8841785026455784,-1.6847103694125733,0.38272027358325555,2.0521727063510236,0.6248753968378211
2026-01-30,-2.702414940121521,-0.26065296023707507,-0.8677102608526135,0.39438676240745346,1.1982616202581111,-2.0889503365565645,-0.4429124369369242,-0.9804295832060065
2026-02-02,-2.589908601002173,-0.08972917088115044,-2.0067566019906633,1.4237060491694211,-0.09443515501980711,2.768704340160804,0.6169309331941515,1.8153176990501176
2026-02-03,-3.7147227614026614,-5.774549065611088,-4.880809086435461,5.39361815681607,1.4912105355181973,-2.9860251524198067,1.1459044508592948,1.7924164931677298
2026-02-04,-5.3011004820829255,1.0556608942848063,0.8169435768333166,-0.8528458433963756,-0.824313122271718,-2.5385016729122576,1.040248106160673,-1.9731332284343759
2026-02-05,-2.2643911896045146,-0.17492731376811946,-1.6298872630924373,2.751480624831589,0.5347606012388346,-0.47385960880387595,0.8533585635207429,0.8627501195444582
2026-02-06,-1.094699682684874,-3.120294720047945,-1.6263793502021058,-1.9574011610828606,0.9329636960483149,0.04333953089839164,-2.172383878527986,0.8693640213713628
2026-02-09,3.6707807036086306,-0.9826790775628884,0.16543133820204536,-1.502514848899949,1.7701533097977555,-0.02949937764682678,-1.4913072272516634,0.8402601610419967
2026-02-10,0.033700728816809605,-1.2170868829974901,0.26434859618238615,0.4887799993901621,-0.104994456934336,-0.2256732342354255,2.0079755124241454,-0.9493365710203608
2026-02-11,-1.672849068048729,-2.0654000368536174,-4.015068120462211,2.0184424410388466,1.4557691990248582,-0.7805967739671679,2.8915346322336033,1.3948831921261937
2026-02-12,-2.157367488683979,3.855919993280139,-1.828734335027035,1.4519727666358262,-1.055803121610178,1.1802641418393915,-0.5355703413231939,-0.44205047487987514
2026-02-13,0.08030615694453216,-0.14593937657633485,-0.23012023308836937,-1.9273328898650868,1.0103708530428805,0.13204212465970064,-1.7168317132007176,-1.344919867829837
2026-02-17,0.42458105078420094,-1.69823097284605,0.18095056929196005,1.082286571402249,-2.436448642017342,1.1618852907877202,1.6559791334027223,0.6593250480732241
2026-02-18,0.47254549288970493,0.19096720306128664,2.2913715802578962,-1.6241066891814409,0.3901725508635095,-0.8377586661209419,0.31433679701323863,-0.26507616502515036
2026-02-19,0.49144410300153574,-0.8702640229909028,-0.7622932076178152,0.5227761472299571,-0.3009787545879182,-0.045869306135834065,-0.340091408361073,0.9370655863605445
2026-02-20,0.5968084434067955,0.3734305673665627,0.25440879309557746,2.1033430122575307,-1.3275166209436209,0.5853883842186915,0.4697402159029001,-0.5945903349184258
2026-02-23,-2.4235453099518875,0.11332244304613182,-7.273564288792206,1.0646797098924408,0.39721287458073135,-3.2788939032932944,1.663996311084324,-0.37388926639145453
2026-02-24,1.0544023661760558,1.3108510578251986,0.3376305369711553,0.34486569171703946,0.3399150886438107,0.2647002450222647,-0.48217731674892506,-0.5010006636574081
2026-02-25,1.865750641776706,0.9028864258829727,2.784138497697806,-0.24169809785681112,-0.5126752604979258,0.206607478492513,-0.1126281886208882,1.7789523400739948
2026-02-26,-0.9959577784077351,1.913726746399305,4.8703021128134205,-1.0941456331667025,0.3499921641302157,0.8972727030789593,-1.024370329999645,-1.6913842814063385
2026-02-27,-4.010473665753269,3.285813486318771,-1.2885843825987222,0.13446740819110742,0.1730684566940486,-2.2141520985205756,1.3975432826099734,0.7983145015956531
2026-03-02,3.147182164818904,-0.3576722470116181,1.6533501660096648,-1.2621110793735597,0.6986890710808847,0.013677749207437946,0.5470201129853369,1.8267653306218694
2026-03-03,1.4016288109773274,2.6769819044981835,4.009489605347236,-0.6162041435509626,0.44029780174922317,-0.06748297994063103,-1.1579048407939452,-0.23738119417484005
2026-03-04,1.6606271983003527,-0.4432126033986918,-0.12042187290434599,-0.32030185174170916,-0.8921971505640557,0.13046584435542646,-0.77541514738952,-0.7220217391460579
2026-03-05,3.7855162619201184,1.7591578997647415,5.260308925318712,-3.3721493734020047,1.3399689531961403,-0.10913345047623192,0.40587457622111217,-0.00021292647192165234
2026-03-06,-1.2406537444519057,2.410404515170863,0.8703931632412889,-0.4865266963120973,1.23721714900659,-0.4996908299842776,-0.11782144703101868,-0.04035621343330858
2026-03-09,0.8532520979372071,-0.11493551437590029,-3.3197418755910175,0.7002934936262276,-0.5571015296801037,0.019200452306519643,0.8716144804951994,0.6645177088773759
2026-03-10,0.3310694643359776,-1.5297680006364198,-1.7929610886449898,1.4658687254910532,-1.2884404048972562,0.043940174827262514,-0.6140325506655614,-0.13600567781130807
2026-03-11,1.3023812297205026,-1.4882226713121744,-0.23088892842042086,-2.162251277119043,1.2433444513905014,-1.0806776486923066,-0.23880422357667702,1.1205513050882443
2026-03-12,-0.5030780841617141,0.8085120218184265,1.1213340229599302,0.48476332884723716,3.087765658343025,-1.696512937556083,0.4803807473489233,2.1144811843177154
2026-03-13,-1.840408853412382,-0.5082717057165471,-0.09163030923815138,1.7441739518668837,1.1226303648844715,0.309220615654971,0.1644140477264893,0.33213621714533526
2026-03-16,0.23306670762912238,0.3259870208672771,1.1208441514716283,-0.5107589322963759,-0.7732494950399267,0.4195594476265001,0.24989486449670428,0.0876852577960662
2026-03-17,1.136100857859129,-0.6189718734075795,1.2901279636710226,-0.7268612885448585,0.49794605408702525,-0.13066411563625807,0.17271131748560178,-0.9228904398663523
2026-03-18,3.9092731614036893,-1.5712519821971083,0.9973762473892018,-1.7051774205088288,-0.12131288231882378,0.05855949816866016,-0.5802219733050785,-0.33310045242518493
2026-03-19,0.432585237218994,0.062216300895157874,1.6561294189053257,-2.2161261277071533,1.0386333180608824,0.5069341697124692,0.426419434306658,-0.2229380851202884
2026-03-20,-0.4687187851114466,0.0811864265649949,2.3373066207440227,-0.12273231338727303,-0.08353999038793888,-0.09797067015917142,1.8508581173853174,-0.2573713653091741
2026-03-23,0.5975267457561353,-0.9410192130876502,-0.1307889898477902,0.14815395792819924,0.14056513309172608,-0.24798731660877008,-1.0411677856439512,0.5757207287271406
2026-03-24,-1.5082741355603075,-3.9062736873545014,-2.4748941568161826,0.6471738864457858,0.8195061596108568,0.29728818312086536,1.6800405257629225,0.1911086172032279
2026-03-25,-0.8637673034238869,-0.2287463133300513,-2.0247113869544697,0.40762239130652406,-1.3906794433646237,1.005218792024768,0.3764135200561525,0.38502737893150946
2026-03-26,-1.9070602303764754,1.6034863204990826,2.435624618425115,-2.476138949281067,2.1479061948884093,0.10410399259424509,1.1447758374193289,-0.4243608789211824
2026-03-27,-1.3944675486445488,-0.041936689079579884,-1.7799655117543725,0.4932299011769383,2.88057193840768,-1.6440533459962858,0.40898393147263046,0.8938098870435647
2026-03-30,-3.0857823175155055,3.5319659035001885,2.151567018485686,0.13316722401057446,-0.4475656770228269,-0.2853878523069325,0.5154630141863669,-1.3524712553752438
2026-03-31,2.4955660782357754,-1.5205903311897526,-0.8720073061921464,-0.04016145894504193,-3.3842564395771144,0.041667027905286085,-1.7028438962470853,0.11190633677912498
2026-04-01,2.414075399924933,0.0163328679424678,-1.9767217668068005,0.09754520935295981,-3.1888590407941537,1.6647555593944794,-1.9365887762416871,-1.5763963705376391
2026-04-02,0.005977732977581195,1.6446390433595008,1.2335293840604666,0.5788122313054587,2.332235182471139,0.3920096308201789,-0.11653790242765984,1.4861228977090257
2026-04-06,0.15122365019821857,-0.8611317978173205,0.5570742197761986,2.007835865370324,0.558118491040424,0.4303256139638348,-0.15079332074596194,0.6623038356356817
2026-04-07,2.3308740965492842,-1.9489568879648727,1.0472583533897268,-1.3218073361565645,-0.42306689636732514,-0.08110953056010332,0.19915252505915523,0.8061258152365335
2026-04-08,-1.1074491259425812,-1.8586694652011366,-4.566979970672861,4.012376977158419,-4.378202219968928,2.5463837160871523,-1.793295504091522,-1.2037372601950456
2026-04-09,-0.3528957103073663,-1.8955415659226187,-2.9614288002077442,3.7283015120952783,-1.6790859765048833,-1.0884115990939014,0.3203439124220908,-0.7143990204937352
2026-04-10,3.652040429960382,-1.3527291130952699,-0.8756488506720422,0.5673694902418822,-0.9625677186813297,0.4633975527486289,0.7243658568655196,-0.16259431475697247
2026-04-13,1.59440743290614,1.2110570515694687,4.730449095679723,-3.6814706587915897,0.33442576844443933,1.543891137290677,-1.1155956426433025,-0.7831632835633804
2026-04-14,3.2565125209514685,0.7901119392059109,-1.2794536274310924,0.770705187655696,-3.2204453980062433,-0.00844072682491575,-0.6160043212400682,0.14209643038052644
2026-04-15,3.2140484861510523,3.535230498300388,2.5201824119907803,-0.3103551220069215,0.493355124313265,0.24382058159612643,0.1455108575780849,0.37265836850264844
2026-04-16,0.6722445517069308,0.13830865930174166,0.6939942433245365,-0.45777143308004514,3.3783812975082075,-1.0337738870619455,0.2944688682081144,0.10781169518783662
2026-04-17,-0.7785976880304529,0.48595369165563895,-2.8442997681722235,1.077584103913408,-1.3152489658160509,2.6482877495647115,-1.35797465822198,-1.8804853684826814
2026-04-20,1.0092397156898296,-0.8193785050940411,1.5859511728702747,-0.6407681390940718,2.1082609864370623,0.9150678573920471,-0.5931812215320948,-1.3592451260290097
2026-04-21,2.155525202321814,0.7535151856644647,0.9312485544589614,-1.8149596193828614,2.9479220402566444,0.2041755753978641,-1.0304757979772246,1.4487135297784521
2026-04-22,2.414248345786464,1.1007904878192956,-0.6068361765419993,0.8630060652093783,1.1150907589113757,-1.5420161114721884,0.6596628950657119,1.4439805678280153
2026-04-23,-3.9995528438342673,-4.492726425033232,-6.088880898051615,5.735477113569497,1.733644043556986,-1.011512616854281,4.344610796841219,-1.4235760317429969
2026-04-24,5.512842104878555,1.9590474999517926,-0.4616329546725053,-1.1550268363858454,0.1890941849878504,3.1706180098324395,1.0473061814045197,1.117076347841238
2026-04-27,2.0909325053118715,-1.4495262884290365,1.9775124329786564,-0.18274482615501872,-1.5419265379319351,0.5378977149144308,-0.24951937037102054,0.02068211798361501
2026-04-28,-3.5736628059680924,1.4198660101215714,1.217337954146654,0.4049832799064899,1.054495993461684,-1.731141212784312,0.37593585912498906,0.3849979579554914
2026-04-29,0.03839639750831616,-0.45962027953133056,2.4518092892305257,-0.1263174822018101,0.47035694706465775,1.1601193129710847,4.530684742190534,3.7781812220473827
2026-04-30,-0.7914805030358746,-3.3220749577016107,-5.667754609722629,-1.3960968497038226,1.2517646592813199,-0.5506250139292157,-0.3979404399633221,-3.593649053102426
2026-05-01,2.7109922802602076,1.5151018483872447,0.7779099804801001,-0.3063966407439545,0.6480602531031523,-0.19966428684011037,-1.136047393375059,0.8146015075725531
2026-05-04,1.5146120536830516,1.6892326005821552,2.2463786542396553,-1.547106689442155,0.2570914805430509,-1.382608346439542,0.03477105607647969,2.8246045333458136
2026-05-05,0.8130590991630285,-1.7893769450237182,-2.8359208569853163,-0.7826057062457646,1.2246987593677672,1.155305992778081,-0.25842912684244673,-0.8988272254407774
2026-05-06,2.5980042007261313,-2.3523882274372077,-2.9190744937983277,2.578954139442712,-3.986390017613344,2.1438623963332617,-0.8081851409735208,-3.0667710459645874
2026-05-07,1.358567975355562,3.8345832816202976,2.42078453366803,-0.4446296767105671,0.9965313794505828,1.2734548029823267,0.32206156728900504,-0.3479904053953636
2026-05-08,4.097118413986512,-0.8808031360270588,-3.219827876615491,-0.1631558958824403,1.9251666566034693,1.4671753265819207,1.472285144181172,1.2882994544962467
2026-05-11,0.2117478832934851,-3.7530113719812546,-0.8724330759485982,-0.8110896343553615,1.4196241666021723,1.1665336299334454,3.5131280963608975,2.726079553540222
2026-05-12,-4.597440421199103,0.6791398909140406,-0.696781875129761,1.8811774564030908,-1.3340188184857646,-1.755443934363162,-0.7193428834013638,1.5906177664551524
2026-05-13,1.3741241547631362,-0.8974046816691967,-4.371199211025713,1.0217237894515487,-0.189828712037701,-2.4880192150709517,1.2826904339318739,2.0462530073834877
2026-05-14,0.2514120288160004,-0.2367616908297253,-0.15911399044423677,-0.8916116830912334,2.8412082502558547,0.5206789974762422,-2.2335147075843405,2.3477336632533903
2026-05-15,-0.5712474023193824,2.9792796808293907,4.68251689128092,-1.1679817011469849,3.7753513087284714,-1.53387491847537,0.608301396030618,1.874428981240208
2026-05-18,-3.0049600347508636,1.7088702526393305,3.7760004773592124,0.6846163273612098,1.464481260583356,0.07131091635626743,0.024962582113019605,-0.35219889229650564
2026-05-19,-2.1093380201148575,1.0438165472427468,-1.5118196818474652,-1.5998553940004165,0.39426952909562213,-1.0509533204209016,0.47956073468990384,-0.17647670985774602
2026-05-20,2.644340559602086,-1.4513695954040844,-0.29043640492385664,0.6602036073129155,-3.001986214077888,3.0865546334519713,-1.3089537558146078,-2.579450999324789
2026-05-21,-1.6212425563013089,-2.9925715692787684,-1.6327481462731597,-1.3653023651796976,-2.295347454054407,1.5036150548347769,0.30280366846643836,0.6447617930246007
2026-05-22,-0.6639605240426389,-0.9525194476283351,-1.0039325284664113,-2.258686080245684,-0.06979064694131724,0.5770134645229824,1.327644634314492,-1.1734565424273349
2026-05-26,5.089454200679529,-2.741163840545784,-0.7205154416665072,0.19293807616396277,-2.316913306139997,2.6654170204576473,0.2843176054173357,-2.1168911233673393
2026-05-27,-1.7492375278885812,3.0241086403398283,-1.3620022045531681,1.0085239282813034,-1.4832555189760415,-0.2535783697921726,-0.8455234588784948,-0.183947016636736
2026-05-28,2.4830061020669434,1.345225242194714,-0.21403437967954,-3.293062463085301,-1.0093932233754133,0.8514841067774107,-1.0680111679867075,-0.13241899074626137
2026-05-29,2.965799118741592,1.8724671120786494,5.601076180740579,-5.333381603128537,1.2550485626125636,2.5012328926831597,-3.1226274851212263,0.4084749736348609
2026-06-01,2.754454509131096,1.715327694798777,6.0635750872794985,-4.101235651810728,3.8398248504470045,0.5704352040238789,-3.0347454592733305,1.4270268476855137
2026-06-02,-0.26808997306545534,-5.201697260432654,-4.33997909466145,0.742353468061431,2.8101910267504064,0.9211212191556859,0.38081065984896345,-0.4471637220037579
2026-06-03,-1.422721467751273,-1.93788616871049,-2.9888090029189334,1.512062136755369,0.6711183723019035,-0.34919906012922053,1.32072632938772,0.33234510245713256
2026-06-04,-3.2312744722926894,-0.9406591321588407,0.9315721509676786,-0.8965431179653073,-5.138196994355635,-0.4916900123587992,-1.5145834646919645,1.2011047882942854
2026-06-05,-9.72994254292976,2.9920022800074393,2.0049561342581956,3.451394831842357,-2.3140125620620156,-0.6518646784481262,0.21322850025423182,-1.1169217567738994
2026-06-08,2.476435448814311,-1.2944205832615794,-1.0484111036589814,0.0357620978762446,1.9364852806014514,-0.1762211836922667,0.217469607527631,0.22584182735352307
2026-06-09,-5.037103562355611,0.07821123664015686,-0.36592710764559305,1.9764594435651883,-2.930545653511729,3.056644967067898,-0.45578207277196914,-1.4641641131465162
2026-06-10,-3.7861233092140028,2.1583991328511747,0.3496323126089774,2.195926229242364,2.039557674110768,-1.9571319426019669,-0.23316757095757212,0.6414157565578149
2026-06-11,2.0896234935358065,-4.356766028178342,-4.381989903424712,0.6941367500543149,-2.5054286418070797,1.6434224349624502,0.9979997619609996,-2.3058297425869885
2026-06-12,-1.3674075752264363,-2.263658253227741,0.01034078443678068,1.3853784479407032,0.16529398934558828,1.224407668345692,0.23953040491421515,-0.5484286034619378
2026-06-15,5.485023426409345,0.7133476079918332,-0.8745852086255527,2.630518828964812,-1.8674076448271382,1.8955081263807636,-0.6668262999146128,-0.8035407176208825
2026-06-16,-3.109189197215873,-0.6338154195495892,2.8113713334518016,1.7269819972803986,-1.4961261128922214,1.1221576825482367,-0.9718485839209625,-0.04571307873821079
2026-06-17,1.3134801368310218,-3.4118919335738087,-0.5965028294387128,-0.5453638633442542,-0.8261051913960551,2.061837303239816,0.8975010517941047,0.6665065001495493
2026-06-18,5.994053645800472,-1.8969955748854113,-3.272384462375265,3.0139722734644483,-0.7324615760788131,0.3107557672925251,1.6286482911996825,-1.0805582303956347
2026-06-22,-2.1656603242389347,-3.54606312957687,-0.80758298794141,-2.9997892012107195,0.09886549099271907,1.0601474208369204,0.9384152125675942,0.07027037502413815
2026-06-23,-6.182788506585203,2.676544398498258,2.3697389063757903,-0.057446577629854625,-0.9231756987408841,-2.4734582940881893,-1.9045565080114637,0.8819469192021797
2026-06-24,-1.683599165821462,1.3610857297596242,-0.3075835178119528,0.8594672310901286,-1.6078276231982103,3.2249818596796604,-0.4160783870830412,-1.8514437275426514
2026-06-25,-0.16788041022570985,-4.068903982745513,-1.4725688236701688,-3.772021735603976,-1.3790554382787237,1.614679665738485,1.0751769649462184,-0.6984493544662226
2026-06-26,-4.939228883686637,6.957302486718266,2.193251399208406,-1.0629977465912581,-3.1529765352791816,-2.5943789163068547,-0.4231606541739377,0.6726709884579621
2026-06-29,2.390954017841392,-1.114058069381334,-0.31739090092450706,0.7934856192632775,-2.3041981089077246,-0.7239424640429732,0.45551779613040105,0.489923061041927
2026-06-30,2.949331445694277,-1.3198925538437338,-0.03366043850545431,0.6108282581690375,0.21535092046436496,1.7767396724712767,1.6436092946956715,0.13383150878111374
2026-07-01,-0.821671116593443,3.6273433843484693,4.802810203894666,0.1783199095795118,-1.7001077113768386,0.5907265894086688,0.16193223355205597,-0.9088769466819049
2026-07-02,-8.004259872899928,4.471094100791518,1.404988687088527,1.1044227478061217,-0.47167330060932666,-0.606640498989307,1.0577841283872256,0.1581461038120198
2026-07-06,4.429596061278966,-2.018581201825956,0.06916461983914453,0.675340855737891,1.343116567435066,1.1250070584174674,-0.9061828633559282,-0.19861171817425702
2026-07-07,-3.4017753495202836,2.254643428864779,0.9593125889235884,-1.9897097303008802,1.1913068732462517,-3.4940401517372743,-0.3947072098242879,0.7084850040304627
2026-07-08,3.686737801867923,-0.25926839667870216,-1.8688533289524614,-0.9195207355327021,2.879000429495905,-0.3567587312035043,1.1258138774130209,1.035363901754461
2026-07-09,3.6059364507179397,-1.2892003394563702,1.172914787087797,-0.8894198627840995,-2.1210924361769927,1.7448819927338695,-0.04483740601218705,-1.2851282964354773
2026-07-10,0.8349361415472087,-0.7600503707427203,0.15754228601852865,1.3575390837429122,1.021087109909159,-0.2116330756683554,0.30002413008156803,0.1660816593211047
2026-07-13,-3.077680962466109,2.615347914120241,4.462582027730912,-0.8765607076197347,1.377529254806329,-2.4648500308733072,1.5016285197129546,0.8698711568108716
2026-07-14,4.2084869601247865,-2.3811021699564723,0.028490288376934965,2.3990069463825137,-2.139003600885619,-0.08135505150594431,1.3832956797768858,-0.9434433568569632
2026-07-15,1.2247676943851518,0.961852730211078,0.673747403411714,0.244584983682599,-2.506663768928544,-2.006868946821734,-0.8165973415245926,-0.919259333732973
2026-07-16,-7.706241018092368,5.283201729434979,1.7536864256655806,0.3667392976681004,1.0719289488843575,-0.6452417234606871,1.446935467043755,-0.3484530266319974
2026-07-17,0.3993908093663004,-1.4954968116886622,0.4296654748859047,-2.609177496757957,1.3612182185267794,-0.3534434881220184,-0.642997693097757,1.057868089885465
2026-07-20,1.6035701468888857,0.7305691651143982,1.995590081751658,-0.01741105673629118,1.1133305175062043,-0.01236197417596078,1.0002626218147994,0.9526217974301409
2026-07-21,1.756604427628185,-3.4576785397485574,-2.2718694745470263,-1.829756409731046,-0.15472342495325997,-0.9907132598884233,0.15070204796837772,0.3781419775587131
2026-07-22,-1.2013753527979043,-1.9230253593798772,-1.467370046426956,0.14036003124923924,0.9257929963656293,0.44688551858123554,0.38523750418246644,0.12863962735806747
2026-07-23,-3.166669058828746,-0.9948992024879001,-0.24484430871958315,-4.464069495592584,-0.8358746490068563,2.0687239612250266,-0.16285608334544197,1.7722719822548447
2026-07-24,-3.2908726454800523,2.448939475779304,2.6714024727627197,0.43970264862846953,0.5995219487413299,-0.35800590715907415,-0.3825423450710462,-1.4752258782742047
2026-07-27,-2.2477047656198073,3.7558831886262456,2.269160001334463,1.9253065071540905,0.40172836400556605,0.6228561611293824,-1.394648758562218,-0.8984696177985811
2026-07-28,-4.883037521652606,3.2002090261893024,1.058664336359903,0.03018329867474299,-0.7626340259373016,-1.2426397973009218,-0.7042264816218657,-1.4278896580743543
2026-07-29,-0.9584897170022316,4.736979709089923,3.631262333086954,-1.367777685102658,2.8230043948649315,-2.212306629778477,1.651295478701538,0.041494032208340914
2026-07-30,6.260203979775207,-3.475120197239774,0.13841131687957406,0.1476644255889714,-1.0839110302515491,1.7278476304611432,-1.0880739825270727,3.9039780857048187
2026-07-31,3.222698254138873,0.39135882590649274,1.462181682184827,0.12749169666665613,-1.7184852530977044,-3.657501284674744,-3.2880645803574864,0.28823460779533144
2026-08-03,4.113878447877129,0.054937141040532295,1.215317922273459,1.4746971892710383,-1.3750220517614669,-0.6281083648868452,-2.6099599231536583,-0.923280538909255
